DCA License Number,License Type,License Expiration Date,Business Name,Business Name 2,Address Building,Address Street Name,Secondary Address Street Name,Address City,Address State,Address ZIP,Contact Phone Number,Address Borough,Borough Code
0932155-DCA,Business,2025-03-31,301 PARK CORP.,,301,E 64TH ST,,NEW YORK,NY,10065,2124730135,Manhattan,1
1439430-DCA,Business,2025-03-31,CHAMPION PARKING 90 LLC,,60,E 90TH ST,,NEW YORK,NY,10128,2123085959,Manhattan,1
2032379-DCA,Business,2025-03-31,WEST 161ST PARKING CORP,,519,W 161ST ST,,NEW YORK,NY,10032,6469283465,Manhattan,1
1192930-DCA,Business,2025-03-31,QUIK PARK SWIFT LLC,,140,E 56TH ST,,NEW YORK,NY,10022,2128322066,Manhattan,1
0904077-DCA,Business,2025-03-31,"FIELD LAGUARDIA ASSOCIATES, INC.",HOLIDAY INN CROWN PLAZA,10404,DITMARS BLVD,,EAST ELMHURST,NY,11369,7184576300,Queens,4
2090586-DCA,Business,2025-03-31,A & J PARKING LLC,,1035,ANDERSON AVE,,BRONX,NY,10452,9143143157,Bronx,2
1130687-DCA,Business,2025-03-31,165 EAST PARKING CORP.,,165,E 72ND ST,,NEW YORK,NY,10021,2127367171,Manhattan,1
1283824-DCA,Business,2025-03-31,CHAMPION PARKING 74 LLC.,,2109,BROADWAY,,NEW YORK,NY,10023,2123085959,Manhattan,1
1030045-DCA,Business,2025-03-31,"BATTERY PLACE CAR PARK, LLC",GGMC,50,BATTERY PL,,NEW YORK,NY,10280,2129966363,Manhattan,1
2083100-DCA,Business,2025-03-31,ISABEL PARKING LLC,,30,E 161ST ST,,BRONX,NY,10451,6465840409,Bronx,2
0984363-DCA,Business,2025-03-31,520 WEST PARKING CORP.,,520,W 43RD ST,,NEW YORK,NY,10036,2127367171,Manhattan,1
1308597-DCA,Business,2025-03-31,"HOME HOSPITAL PARKING, LLC",,2621,AQUEDUCT AVE,,BRONX,NY,10468,2126279822,Bronx,2
2018213-DCA,Business,2025-03-31,106 Mott Street Parking Corp,,106,MOTT ST,,NEW YORK,NY,10013,2127419009,Manhattan,1
1473819-DCA,Business,2025-03-31,181 PARK CORP.,,506,W 181ST ST,,NEW YORK,NY,10033,2129299404,Manhattan,1
2018861-DCA,Business,2025-03-31,776 SIXTH AVE PARKING CORP,,776,6TH AVE,,NEW YORK,NY,10001,2127367171,Manhattan,1
2104125-DCA,Business,2025-03-31,9-11 PARK MANAGEMENT LLC,,9,PARK AVE,,NEW YORK,NY,10016,6469644323,Manhattan,1
2017912-DCA,Business,2025-03-31,SP PLUS CORPORATION,,455,MADISON AVE,,NEW YORK,NY,10022,2125025490,Manhattan,1
2098312-DCA,Business,2025-03-31,208 WEST 88TH STREET PARKING CORP.,,209,W 88TH ST,,NEW YORK,NY,10024,2127367171,Manhattan,1
1010570-DCA,Business,2025-03-31,UNION SQUARE CAR PARK LLC,GGMC,1,IRVING PL,,NEW YORK,NY,10003,2129966363,Manhattan,1
2102636-DCA,Business,2025-03-31,107 PARK OPS LLC,,102,W 107TH ST,,NEW YORK,NY,10025,9177838974,Manhattan,1
2053019-DCA,Business,2025-03-31,COLUMBUS 95 PARKING LLC,,730,COLUMBUS AVE,,NEW YORK,NY,10025,2126869800,Manhattan,1
2046932-DCA,Business,2025-03-31,167 EAST 77TH ST PARKING SERVICES LLC,,176,E 77TH ST,,NEW YORK,NY,10075,6467734400,Manhattan,1
2101166-DCA,Business,2025-03-31,CHAMPION PARKING YORK LLC,,1514-1520,YORK AVE,,NEW YORK,NY,10028,2123085959,Manhattan,1
1413026-DCA,Business,2025-03-31,420 EAST 51ST PARKING PARTNERS LLC,,420,E 51ST ST,,NEW YORK,NY,10022,2128387565,Manhattan,1
2109883-DCA,Business,2025-03-31,ADD PARK INC,,123,HOPE ST,,BROOKLYN,NY,11211,9174705093,Brooklyn,3
2102165-DCA,Business,2025-03-31,"IMPERIAL PARKING (U.S.), LLC",,184,KENT AVE,,BROOKLYN,NY,11249,3472733569,Brooklyn,3
2016720-DCA,Business,2025-03-31,MONTAGUE PARKING LLC,,180,MONTAGUE ST,,BROOKLYN,NY,11201,2126869800,Brooklyn,3
0368157-DCA,Business,2025-03-31,EFFECTIVE PARKING LLC,,435,W 57TH ST,,NEW YORK,NY,10019,2126869800,Manhattan,1
1376342-DCA,Business,2025-03-31,QUIK PARK EAST 73RD ST LLC,,524,E 73RD ST,,NEW YORK,NY,10021,2126869800,Manhattan,1
1317191-DCA,Business,2025-03-31,QUIK PARK CHESAPEAKE LLC,,400,E 81ST ST,,NEW YORK,NY,10028,2128322066,Manhattan,1
1180717-DCA,Business,2025-03-31,118 PARKING CORP.,,1682,PARK AVE,,NEW YORK,NY,10035,2127367171,Manhattan,1
2107689-DCA,Business,2025-03-31,NEW 786 NY PARKING CORP,,14238,37TH AVE,,FLUSHING,NY,11354,7186180276,Queens,4
2115077-DCA,Business,2025-03-31,"LAZ PARKING NEW YORK/NEW JERSEY, LLC",,185,PACIFIC ST,,BROOKLYN,NY,11201,7184072575,Brooklyn,3
0429675-DCA,Business,2025-03-31,INTERTOWN PARKING CORP.,,55,E END AVE,,NEW YORK,NY,10028,2127367171,Manhattan,1
2054449-DCA,Business,2025-03-31,PROPARK AMERICA NEW YORK LLC,,11045,QUEENS BLVD,,FOREST HILLS,NY,11375,5169289767,Queens,4
2111188-DCA,Business,2025-03-31,PROPARK AMERICA NEW YORK LLC,,139,CHARLES STREET,,NEW YORK,NY,10014,5169289767,Manhattan,1
1283493-DCA,Business,2025-03-31,KIPS BAY 27 PARKING LLC,,236,E 27TH ST,,NEW YORK,NY,10016,2126869800,Manhattan,1
2114995-DCA,Business,2025-03-31,"LAZ PARKING NEW YORK/NEW JERSEY, LLC",,70,E 10TH ST,,NEW YORK,NY,10003,7184072575,Manhattan,1
2089161-DCA,Business,2025-03-31,WEST 30TH GARAGE LLC,,363,W 30TH ST,,NEW YORK,NY,10001,6409644323,Manhattan,1
1327024-DCA,Business,2025-03-31,CONCOURSE PARKING CORP.,,800,GRAND CONCOURSE,,BRONX,NY,10451,2127367171,Bronx,2
1146395-DCA,Business,2025-03-31,REGAL PARKING CORP.,,9810,64TH AVE,,REGO PARK,NY,11374,2127367171,Queens,4
2088828-DCA,Business,2025-03-31,30-40-60 GARAGE LLC,,40,E 9TH ST,,NEW YORK,NY,10003,6469644323,Manhattan,1
0927032-DCA,Business,2025-03-31,150 EAST 77TH STREET PARKING CORP.,,150,E 77TH ST,,NEW YORK,NY,10075,2127367171,Manhattan,1
2113394-DCA,Business,2025-03-31,1134 FULTON PARKING CORP,,1134,FULTON ST,,BROOKLYN,NY,11216,9176643792,Brooklyn,3
2101038-DCA,Business,2025-03-31,VIP PARKING INC.,,615,JACKSON AVE,,BRONX,NY,10455,3472207660,Bronx,2
2082737-DCA,Business,2025-03-31,ABM INDUSTRY GROUPS LLC,ABM PARKING SERVICES,475,PARK AVE S,,NEW YORK,NY,10016,9145255897,Manhattan,1
2097391-DCA,Business,2025-03-31,301 EAST 22ND STREET PARKING CORP.,,301,E 22ND ST,,NEW YORK,NY,10010,2127367171,Manhattan,1
1178703-DCA,Business,2025-03-31,PARK KWIK LLC,,211,ATLANTIC AVE,,BROOKLYN,NY,11201,7182222500,Brooklyn,3
0367816-DCA,Business,2025-03-31,"PARK-SERV, INC.",,140-166,W 53RD ST,,NEW YORK,NY,10019,2126869800,Manhattan,1
1387896-DCA,Business,2025-03-31,3480 THIRD AVENUE PARKING INC.,,3480,3RD AVE,,BRONX,NY,10456,3472844141,Bronx,2
2101646-DCA,Business,2025-03-31,80 PARK GARAGE MGMT LLC,,74-82,PARK AVE,,NEW YORK,NY,10016,212-289-7200,Manhattan,1
0899744-DCA,Business,2025-03-31,COSMOPOLITAN PARKING CORP.,SAA,34,E 21ST ST,,NEW YORK,NY,10010,2122493344,Manhattan,1
1222882-DCA,Business,2025-03-31,"50 EAST 79TH STREET CAR PARK, LLC",GGMC,50,E 79TH ST,,NEW YORK,NY,10075,2128790670,Manhattan,1
0888537-DCA,Business,2025-03-31,SAFEWAY PARKING CORP.,,345,E 86TH ST,,NEW YORK,NY,10028,2124109603,Manhattan,1
2115151-DCA,Business,2025-03-31,333 EAST 34TH GARAGE LLC,,333,E 34TH ST,,NEW YORK,NY,10016,212-289-7200,Manhattan,1
2001043-DCA,Business,2025-03-31,UPPER MANHATTAN PARKING LLC,,1845,PARK AVE,,NEW YORK,NY,10035,2124211117,Manhattan,1
2054793-DCA,Business,2025-03-31,SP PLUS CORPORATION,,1292,PARK AVE,,NEW YORK,NY,10029,2125025490,Manhattan,1
2101647-DCA,Business,2025-03-31,CPW GARAGE LLC,,455,CENTRAL PARK W,,NEW YORK,NY,10025,2122897200,Manhattan,1
0368238-DCA,Business,2025-03-31,NEW YORK PARKING 56TH ST. CORP,,65,W 56TH ST,,NEW YORK,NY,10019,2123085959,Manhattan,1
1251169-DCA,Business,2025-03-31,315 EAST 65TH PARKING LLC,,322,E 66TH ST,,NEW YORK,NY,10065,212-570-1732,Manhattan,1
0906120-DCA,Business,2025-03-31,OXFORD PARKING CORP.,,333,E 49TH ST,,NEW YORK,NY,10017,212-308-5959,Manhattan,1
2114767-DCA,Business,2025-03-31,Rego Center Garage LLC,,9605,queens blvd,,REGO PARK,NY,11374,2128947000,Queens,4
0367984-DCA,Business,2025-03-31,DISTINCTIVE PARKING LLC,,35,E 61ST ST,,NEW YORK,NY,10065,212-686-9800,Manhattan,1
2093765-DCA,Business,2025-03-31,SUPPORT PARKING LLC,,350,E 52ND ST,,NEW YORK,NY,10022,2126869800,Manhattan,1
2105919-DCA,Business,2025-03-31,LTG PARKING CORP.,,165,W END AVE,,NEW YORK,NY,10023,212-686-9800,Manhattan,1
2043391-DCA,Business,2025-03-31,AZ Parking Corp.,,35,W 33RD ST,,NEW YORK,NY,10001,9292940009,Manhattan,1
2059649-DCA,Business,2025-03-31,SMITH & LIVINGSTON PARKING LLC,,141,LIVINGSTON ST,,BROOKLYN,NY,11201,212-686-9800,Brooklyn,3
1312446-DCA,Business,2025-03-31,STELLMAR PARKING LLC,,27,E 65TH ST,,NEW YORK,NY,10065,212-879-8798,Manhattan,1
2115139-DCA,Business,2025-03-31,MP WEST 95 PARKING LLC,,70,W 95TH ST,,NEW YORK,NY,10025,2124903460,Manhattan,1
2083153-DCA,Business,2025-03-31,EZ EXPRESS PARKING CORP.,,1560,JEROME AVE,,BRONX,NY,10452,7185833301,Bronx,2
2080975-DCA,Business,2025-03-31,900 8TH AVENUE GARAGE LLC,,900,8TH AVE,,NEW YORK,NY,10019,6465840409,Manhattan,1
2096915-DCA,Business,2025-03-31,"IMPERIAL PARKING (U.S.), LLC",,9605,QUEENS BLVD,,REGO PARK,NY,11374,2129378660,Queens,4
2079755-DCA,Business,2025-03-31,MP 425 EAST LLC,,425,E 79TH ST,,NEW YORK,NY,10075,2124903460,Manhattan,1
1461273-DCA,Business,2025-03-31,"IMPERIAL PARKING (U.S.), LLC",IMPARK,724-732,AVENUE OF THE AMERICAS,,NEW YORK,NY,10010,2129378660,Manhattan,1
2055928-DCA,Business,2025-03-31,SP PLUS CORPORATION,,9844,57TH AVE,,CORONA,NY,11368,2125025490,Queens,4
2001457-DCA,Business,2025-03-31,CHAMPION PARKING MIDTOWN LLC,,224,E 39TH ST,,NEW YORK,NY,10016,212-308-5959,Manhattan,1
1213869-DCA,Business,2025-03-31,BROADWAY & 64TH PARKING LLC,ICON PARKING,1900,BROADWAY,,NEW YORK,NY,10023,212-686-9800,Manhattan,1
2069414-DCA,Business,2025-03-31,RIVER PARK TOWERS GARAGE LLC,,55,RICHMAN PLZ,,BRONX,NY,10453,6465840409,Bronx,2
2094858-DCA,Business,2025-03-31,PPS STANWIX LLC,,115,STANWIX ST,,BROOKLYN,NY,11206,2123606300,Brooklyn,3
1370726-DCA,Business,2025-03-31,"BAS PARKING, INC.",,530,E 72ND ST,,NEW YORK,NY,10021,2126289447,Manhattan,1
2103702-DCA,Business,2025-03-31,350 WEST 42ND STREET PARKING CORP.,,350,W 42ND ST,,NEW YORK,NY,10036,2127367171,Manhattan,1
1093313-DCA,Business,2025-03-31,CHAMPION PARKING 57 LLC,,316,W 57TH ST,,NEW YORK,NY,10019,2123085959,Manhattan,1
1461250-DCA,Business,2025-03-31,"IMPERIAL PARKING (U.S.), LLC",IMPARK,89-35,162ND ST,,JAMAICA,NY,11432,2129378660,Queens,4
2107054-DCA,Business,2025-03-31,"COVE CLUB CAR PARK, LLC",GGMC,2,S END AVE,,NEW YORK,NY,10280,2129966363,Manhattan,1
0368705-DCA,Business,2025-03-31,AMBER PARK LLC,,101,E 13TH ST,,NEW YORK,NY,10003,2126869800,Manhattan,1
2102371-DCA,Business,2025-03-31,1623 YORK AVENUE PARKING CORP,,1621,YORK AVE,,NEW YORK,NY,10028,2127367171,Manhattan,1
2103294-DCA,Business,2025-03-31,"ONE PARKING GOTHAM, INC.",,4209,28TH ST,,LONG ISLAND CITY,NY,11101,4802722100,Queens,4
1461227-DCA,Business,2025-03-31,"IMPERIAL PARKING (U.S.), LLC",IMPARK,92-30,165TH ST,,JAMAICA,NY,11433,3472733569,Queens,4
2099103-DCA,Business,2025-03-31,EMBASSY GARAGE PARKING PARTNERS LLC,EMBASSY GARAGE,120,E 81ST ST,,NEW YORK,NY,10028,2127440868,Manhattan,1
0901088-DCA,Business,2025-03-31,LTG PARKING CORP.,,150,W END AVE,,NEW YORK,NY,10023,212-686-9800,Manhattan,1
1204173-DCA,Business,2025-03-31,TUNNEL 34 PARKING LLC,,222,E 34TH ST,,NEW YORK,NY,10016,2126869800,Manhattan,1
1319920-DCA,Business,2025-03-31,TOWNHOUSE PARKING LLC,,177,E 73RD ST,,NEW YORK,NY,10021,2122881798,Manhattan,1
2105057-DCA,Business,2025-03-31,MP WEST END PARKING LLC,,55,W END AVE,,NEW YORK,NY,10023,2124903460,Manhattan,1
2009446-DCA,Business,2025-03-31,"CARLYLE CAR PARK, LLC",,53,E 76TH ST,,NEW YORK,NY,10021,2125702182,Manhattan,1
1076826-DCA,Business,2025-03-31,"300 EAST 74TH STREET CAR PARK, LLC",GGMC,300,E 74TH ST,,NEW YORK,NY,10021,2129966363,Manhattan,1
2044842-DCA,Business,2025-03-31,333 EAST 75TH STREET PARKING CORP.,,333,E 75TH ST,,NEW YORK,NY,10021,2127367171,Manhattan,1
2030397-DCA,Business,2025-03-31,"RUPPERT CAR PARK, LLC",,1601,3RD AVE,,NEW YORK,NY,10128,2129966363,Manhattan,1
2055914-DCA,Business,2025-03-31,560 W 43RD STREET PARKING CORP,,555,W 42ND ST,,NEW YORK,NY,10036,9174727056,Manhattan,1
0908745-DCA,Business,2025-03-31,CHAMPION PARKING 77TH ST. CORP.,,49,E 77TH ST,,NEW YORK,NY,10075,2123085959,Manhattan,1
1157180-DCA,Business,2025-03-31,"ALFRED CAR PARK, LLC",GGMC,161,W 61ST ST,,NEW YORK,NY,10023,2129966363,Manhattan,1
1462009-DCA,Business,2025-03-31,"IMPERIAL PARKING (U.S.), LLC",IMPARK,750,AVENUE OF THE AMERICAS,,NEW YORK,NY,10010,2129378660,Manhattan,1
2058615-DCA,Business,2025-03-31,"IMPERIAL PARKING (U.S.), LLC",IMpark,150,NASSAU ST,,NEW YORK,NY,10038,212-937-8660,Manhattan,1
1184264-DCA,Business,2025-03-31,ICE HOUSE PARKING CORP.,,27,N MOORE ST,,NEW YORK,NY,10013,2129299404,Manhattan,1
2099960-DCA,Business,2025-03-31,4162 GARAGE MGMT LLC,,4162,BROADWAY,,NEW YORK,NY,10033,212-289-7200,Manhattan,1
2001881-DCA,Business,2025-03-31,"LAUREATE GARAGE, LLC",,2148,BROADWAY,,NEW YORK,NY,10023,2127502056,Manhattan,1
1460793-DCA,Business,2025-03-31,LTG PARKING CORP.,,205,W END AVE,,NEW YORK,NY,10023,2126869800,Manhattan,1
1440019-DCA,Business,2025-02-28,"SZYMANSKI, THOMAS STANLEY",EAZYLIFT GARAGE DOOR COMPANY,13220,81ST ST,,OZONE PARK,NY,11417,7186419788,Queens,4
0913526-DCA,Business,2025-03-31,CHAMPION PARKING 83RD ST CORP,CHAMPION PARKING 83RD ST,303,E 83RD ST,,NEW YORK,NY,10028,212-308-5959,Manhattan,1
1233571-DCA,Business,2025-03-31,8TH STREET PARKING LLC,,11,5TH AVE,,NEW YORK,NY,10003,2126869800,Manhattan,1
1247021-DCA,Business,2025-03-31,GRAMERCY 24 PARKING LLC,,401,2ND AVE,,NEW YORK,NY,10010,2126869800,Manhattan,1
0469761-DCA,Business,2025-03-31,INTEGRITY PARKING LLC,,315,E 72ND ST,,NEW YORK,NY,10021,2126869800,Manhattan,1
0429690-DCA,Business,2025-03-31,"MUTUAL PARKING, INC.",,605,E 82ND ST,,NEW YORK,NY,10028,2128887400,Manhattan,1
2100843-DCA,Business,2025-03-31,Champion Valet Parking LLC,,10,W 15TH ST,,NEW YORK,NY,10011,212-308-5959,Manhattan,1
1103762-DCA,Business,2025-03-31,SHERMAN PARKING INC.,,210,SHERMAN AVE,,NEW YORK,NY,10034,2125447275,Manhattan,1
2101445-DCA,Business,2025-03-31,NY PARKING 57 LLC,,110,E 57TH ST,,NEW YORK,NY,10022,212-308-5959,Manhattan,1
1010039-DCA,Business,2025-03-31,300 PARKING INC.,,300,W 55TH ST,,NEW YORK,NY,10019,2127367171,Manhattan,1
2076559-DCA,Business,2025-03-31,THE CAR PARK OF NEW YORK LLC,,8036,COOPER AVE,,GLENDALE,NY,11385,208-336-6597,Queens,4
1058507-DCA,Business,2025-03-31,53RD PARKING CORP.,,301,W 53RD ST,,NEW YORK,NY,10019,2127367171,Manhattan,1
1460563-DCA,Business,2025-03-31,LTG PARKING CORP.,,185,W END AVE,,NEW YORK,NY,10023,2126869800,Manhattan,1
0368199-DCA,Business,2025-03-31,"MUTUAL PARKING, INC.",,61,E END AVE,,NEW YORK,NY,10028,2128887400,Manhattan,1
2103292-DCA,Business,2025-03-31,"ONE PARKING 709, INC.",,2830,JACKSON AVE,,LONG ISLAND CITY,NY,11101,5618337222,Queens,4
1420789-DCA,Business,2025-03-31,CHAMPION PARKING 82 LLC,,60,E END AVE,,NEW YORK,NY,10028,212-308-5959,Manhattan,1
2017911-DCA,Business,2025-03-31,SP PLUS CORPORATION,,375,PARK AVE,,NEW YORK,NY,10152,2125025490,Manhattan,1
2106005-DCA,Business,2025-03-31,QUIK PARK HUDSON VI LLC,,40,RIVERSIDE BLVD,,NEW YORK,NY,10069,212-686-9800,Manhattan,1
2003108-DCA,Business,2025-03-31,BEAVER STREET PARKING LLC,,15,WILLIAM ST,,NEW YORK,NY,10004,212-785-9733,Manhattan,1
0761016-DCA,Business,2025-03-31,64TH WEST END PARKING LLC,,110,W END AVE,,NEW YORK,NY,10023,2126869800,Manhattan,1
2091664-DCA,Business,2025-03-31,TRUST UNDER WILL OF IRVING SERVANSKY,210 India Parking,210,INDIA ST,,BROOKLYN,NY,11222,6175476500,Brooklyn,3
1232880-DCA,Business,2025-03-31,MURRAY 38 PARKING LLC,,155,E 38TH ST,,NEW YORK,NY,10016,2126869800,Manhattan,1
2099962-DCA,Business,2025-03-31,ELEMENT GARAGE MGMT LLC,,555,W 59TH ST,,NEW YORK,NY,10019,212-289-7200,Manhattan,1
2097161-DCA,Business,2025-03-31,CHAMPION PARKING CPW LLC,,225,CENTRAL PARK W,,NEW YORK,NY,10024,,Manhattan,1
1312449-DCA,Business,2025-03-31,STELLMAR PARKING LLC,,30,E 65TH ST,,NEW YORK,NY,10065,212-879-8798,Manhattan,1
0760802-DCA,Business,2025-03-31,MERIT PARKING LLC,,12,E 107TH ST,,NEW YORK,NY,10029,2126869800,Manhattan,1
1341242-DCA,Business,2025-03-31,605 PARKING CORP.,,605,PARK AVE,,NEW YORK,NY,10065,2127367171,Manhattan,1
2093300-DCA,Business,2025-03-31,MP LINCOLN SQUARE PARKING LLC,,143,W 68TH ST,,NEW YORK,NY,10023,2124903460,Manhattan,1
0924489-DCA,Business,2025-03-31,CHAMPION BROADWAY PARKING CORP,,60,E 8TH ST,,NEW YORK,NY,10003,212-308-5959,Manhattan,1
2105668-DCA,Business,2025-03-31,ARENA PARKING LLC,ARENA PARKING,700,PACIFIC ST,,BROOKLYN,NY,11217,9175668422,Brooklyn,3
2109749-DCA,Business,2025-03-31,GMH PARK INC,,763,CONCOURSE VLG W,,BRONX,NY,10451,9172140583,Bronx,2
2050301-DCA,Business,2025-03-31,10 WEST 66TH STREET CAR PARK LLC,GGMC,10,W 66TH ST,,NEW YORK,NY,10023,2129966363,Manhattan,1
1400052-DCA,Business,2025-03-31,SHERMAN PARKING SYSTEMS INC.,,361,E 161ST ST,,BRONX,NY,10451,9149601795,Bronx,2
2103110-DCA,Business,2025-03-31,"IMPERIAL PARKING (U.S.), LLC",,135,N 11TH ST,,BROOKLYN,NY,11249,3472733569,Brooklyn,3
2098157-DCA,Business,2025-03-31,257 GOLD STREET PARKING CORP.,,235,GOLD ST,,BROOKLYN,NY,11201,2127367171,Brooklyn,3
1076844-DCA,Business,2025-03-31,"CARNEGIE CAR PARK, INC.",GGMC,40,E 94TH ST,,NEW YORK,NY,10128,2129966363,Manhattan,1
1122008-DCA,Business,2025-03-31,CHAMPION PARKING 75 LLC,,370,E 76TH ST,,NEW YORK,NY,10021,2123085959,Manhattan,1
2092453-DCA,Business,2025-03-31,5 STARS PARKING INC,,120,UNION AVE,,BROOKLYN,NY,11206,9172140583,Brooklyn,3
0920608-DCA,Business,2025-03-31,CAROUSEL PARKING CORP,,201,W 75TH ST,,NEW YORK,NY,10023,2123085959,Manhattan,1
1146424-DCA,Business,2025-03-31,REGAL PARKING CORP.,,9822,63RD DR,,REGO PARK,NY,11374,2127367171,Queens,4
2025565-DCA,Business,2025-03-31,WHITNEY 90 PARKING LLC,,200,E 90TH ST,,NEW YORK,NY,10128,212-686-9800,Manhattan,1
1312853-DCA,Business,2025-03-31,420 EAST 53RD PARKING LLC,,420,E 53RD ST,,NEW YORK,NY,10022,2127595290,Manhattan,1
0976183-DCA,Business,2025-03-31,EVER-READY PARKING INC.,,330,E 46TH ST,,NEW YORK,NY,10017,2127367171,Manhattan,1
1250226-DCA,Business,2025-03-31,HEIGHTS 183 PARKING LLC,,2479,AMSTERDAM AVE,,NEW YORK,NY,10033,2126869800,Manhattan,1
2034908-DCA,Business,2025-03-31,QUIK PARK 365 MANAGEMENT LLC,,365,BOND ST,,BROOKLYN,NY,11231,2126869800,Brooklyn,3
2084142-DCA,Business,2025-03-31,CHAMPION PARKING 245 LLC,,1441,2ND AVE,,NEW YORK,NY,10021,2123085959,Manhattan,1
2106841-DCA,Business,2025-03-31,550 WEST 25TH CAR PARK LLC,GGMC,550,W 25TH ST,,NEW YORK,NY,10001,212996363,Manhattan,1
2047955-DCA,Business,2025-03-31,300 E. 34 PARKING LLC,,300,E 34TH ST,,NEW YORK,NY,10016,212-481-6016,Manhattan,1
1400292-DCA,Business,2025-03-31,"CONNAUGHT CAR PARK, LLC",,300,E 54TH ST,,NEW YORK,NY,10022,2129966363,Manhattan,1
1447270-DCA,Business,2025-03-31,WALL PARK 45 LLC,,45,WALL ST,,NEW YORK,NY,10005,2126869800,Manhattan,1
1185631-DCA,Business,2025-03-31,SUTTON 53 PARKING LLC,,410,E 54TH ST,,NEW YORK,NY,10022,212-686-9800,Manhattan,1
0889934-DCA,Business,2025-03-31,"MUTUAL PARKING SYSTEM, INC.",,340,E 64TH ST,,NEW YORK,NY,10065,2128887400,Manhattan,1
2108051-DCA,Business,2025-03-31,A & J PARKING LLC,,1073,SUMMIT AVE,,BRONX,NY,10452,9143143157,Bronx,2
2019936-DCA,Business,2025-03-31,SP PLUS CORPORATION,,910,9TH AVE,,NEW YORK,NY,10019,2125025490,Manhattan,1
2104241-DCA,Business,2025-03-31,CHAMPION 68 LLC,,80,CENTRAL PARK WEST,,NEW YORK,NY,10023,212,Manhattan,1
2110557-DCA,Business,2025-03-31,3718 HENRY HUDSON PARKING LLC,,3718,HENRY HUDSON PKWY,,BRONX,NY,10463,3473204333,Bronx,2
2109644-DCA,Business,2025-03-31,222 EAST 69TH GARAGE LLC,,222,E 69TH ST,,NEW YORK,NY,10021,2124903460,Manhattan,1
1196302-DCA,Business,2025-03-31,54TH & 2ND PARKING LLC,,300,E 55TH ST,,NEW YORK,NY,10022,2126869800,Manhattan,1
1181124-DCA,Business,2025-03-31,200 EAST PARKING CORP.,,1081,3RD AVE,,NEW YORK,NY,10065,212-736-7171 X1014,Manhattan,1
1356319-DCA,Business,2025-03-31,F & R PARKING LOT CORP.,,65,NEW YORK AVE,,BROOKLYN,NY,11216,7183295670,Brooklyn,3
1437468-DCA,Business,2025-03-31,"W K PARKING, CORP",,525,E 11TH ST,,NEW YORK,NY,10009,9179390977,Manhattan,1
2090192-DCA,Business,2025-03-31,EASTSIDE 27 COMMERCIAL LLC,,200,E 27TH ST,,NEW YORK,NY,10016,2123649704,Manhattan,1
2099853-DCA,Business,2025-03-31,THE ARCHES PARKING CORP,NAGLE PARKING,228,E 135TH ST,,BRONX,NY,10451,9176643792,Bronx,2
2106494-DCA,Business,2025-03-31,SUPER POWER PARK CORP,,164,DYCKMAN ST,,NEW YORK,NY,10040,6468612219,Manhattan,1
1199399-DCA,Business,2025-03-31,215 E 95TH PARKING LLC,,207,E 95TH ST,,NEW YORK,NY,10128,2126869800,Manhattan,1
1181493-DCA,Business,2025-03-31,UPTOWN PARKING LLC,,201,E 63RD ST,,NEW YORK,NY,10065,212-686-9800,Manhattan,1
1246955-DCA,Business,2025-03-31,UNIVERSITY 10 PARKING LLC,,63,E 9TH ST,,NEW YORK,NY,10003,2126869800,Manhattan,1
1417423-DCA,Business,2025-03-31,STAR PARKING GARAGE INC.,,840,WESTCHESTER AVE,,BRONX,NY,10459,718-991-8100,Bronx,2
0367195-DCA,Business,2025-03-31,NEW YORK PARKING 51ST STREET CORP.,,251,E 51ST ST,,NEW YORK,NY,10022,212-308-5959,Manhattan,1
1413293-DCA,Business,2025-03-31,"60 SUTTON PLACE PARKING ASSOCIATES, LLC",,60,SUTTON PL S,,NEW YORK,NY,10022,2125352890,Manhattan,1
2030422-DCA,Business,2025-03-31,"KNICKERBOCKER PLAZA CAR PARK, LLC",,1751,2ND AVE,,NEW YORK,NY,10128,2129966363  X-14,Manhattan,1
2059576-DCA,Business,2025-03-31,21ST AND 11TH PARKING LLC,,551,W 21ST ST,,NEW YORK,NY,10011,212-686-9800,Manhattan,1
0789927-DCA,Business,2025-03-31,SUPERIOR PARKING LLC,,515,E 79TH ST,,NEW YORK,NY,10075,2126869800,Manhattan,1
2109568-DCA,Business,2025-03-31,222 JOHNSON AVE PARKING LLC,NAGLE PARKING,222,JOHNSON AVE,,BROOKLYN,NY,11206,3473204333,Brooklyn,3
2068483-DCA,Business,2025-03-31,QUEENS LIC PARKING LLC,,3002,39TH AVE,,LONG ISLAND CITY,NY,11101,212-686-9800,Queens,4
0992903-DCA,Business,2025-03-31,"SEVEN ELEVEN CAR PARK, LLC",GGMC,711,3RD AVE,,NEW YORK,NY,10017,2129966363,Manhattan,1
2003468-DCA,Business,2025-03-31,QUIK PARK LIBBY 2 LLC,,300,E 48TH ST,,NEW YORK,NY,10017,,Manhattan,1
1461171-DCA,Business,2025-03-31,CHAMPION PARKING 230 LLC,,230,W 55TH ST,,NEW YORK,NY,10019,2123085959,Manhattan,1
1218380-DCA,Business,2025-03-31,444 MANHATTAN PARKING CORP.,,309,W 118TH ST,,NEW YORK,NY,10026,,Manhattan,1
0469813-DCA,Business,2025-03-31,EAST 71ST STREET GARAGE CORP.,MUTUAL PARKING,135,E 71ST ST,,NEW YORK,NY,10021,2128799451,Manhattan,1
1310681-DCA,Business,2025-03-31,SBC PARKING LLC,,50,E 89TH ST,,NEW YORK,NY,10128,2128318816,Manhattan,1
2037952-DCA,Business,2025-03-31,YORK & 90TH PARKING LLC,,1731,YORK AVE,,NEW YORK,NY,10128,2126869800,Manhattan,1
1390617-DCA,Business,2025-03-31,PARK KWIK LLC,,770,11TH AVE,,NEW YORK,NY,10019,7182222500,Manhattan,1
1461242-DCA,Business,2025-03-31,"IMPERIAL PARKING (U.S.), LLC",IMPARK,168-36,90TH AVE,,JAMAICA,NY,11432,2129378660,Queens,4
0367318-DCA,Business,2025-03-31,"ALMAR GARAGE, INC.",,700,PARK AVE,,NEW YORK,NY,10021,2127444750,Manhattan,1
0835271-DCA,Business,2025-03-31,NEW YORK PARKING 54TH ST. CORP.,,527,MADISON AVE,,NEW YORK,NY,10022,2123085959,Manhattan,1
2089152-DCA,Business,2025-03-31,LIAM GARAGE LLC,,77,W 15TH ST,,NEW YORK,NY,10011,646-964-4323,Manhattan,1
2047157-DCA,Business,2025-03-31,301 EAST 79 PARKING LLC,,301,E 79TH ST,,NEW YORK,NY,10075,2128887400,Manhattan,1
1228853-DCA,Business,2025-03-31,"GREENE HOUSE CAR PARK, LLC",GGMC,381,CARLTON AVE,,BROOKLYN,NY,11238,2129966363,Brooklyn,3
2040594-DCA,Business,2025-03-31,CHAMPION PARKING NORTH LLC,,2917,QUEENS PLZ N,,LONG ISLAND CITY,NY,11101,212-308-5959,Queens,4
2104075-DCA,Business,2025-03-31,PARK LANE GARAGE MGMT LLC,,11624,GROSVENOR LN,,RICHMOND HILL,NY,11418,212-289-7200,Queens,4
2097371-DCA,Business,2025-03-31,301 EAST 40TH STREET PARKING CORP.,,301,E 40TH ST,,NEW YORK,NY,10016,2127367171,Manhattan,1
2115141-DCA,Business,2025-03-31,MP WEST 90 PARKING LLC,,101,W 90TH ST,,NEW YORK,NY,10024,,Manhattan,1
2071856-DCA,Business,2025-03-31,BRUCKNER PARKING LLC,,25,BRUCKNER BLVD,,BRONX,NY,10454,212-929-9404,Bronx,2
1099297-DCA,Business,2025-03-31,205 THIRD PARKING LLC,,205,3RD AVE,,NEW YORK,NY,10003,2126869800,Manhattan,1
2074574-DCA,Business,2025-03-31,FOR THE COMMUNITY PARKING GARAGE INC.,,1900,JEROME AVE,,BRONX,NY,10453,3473645413,Bronx,2
1085597-DCA,Business,2025-03-31,86 ST. PARKING GARAGE CORP.,,8610,ROOSEVELT AVE,,JACKSON HTS,NY,11372,7186514273,Queens,4
1124818-DCA,Business,2025-03-31,ROYAL 89 PARKING LLC,,200,E 89TH ST,,NEW YORK,NY,10128,2126869800,Manhattan,1
2051520-DCA,Business,2025-03-31,LONG ISLAND JEWISH MEDICAL CENTER,,27117,76TH AVE,,NEW HYDE PARK,NY,11040,718-470-7202,Queens,4
1313397-DCA,Business,2025-03-31,PARK KWIK LLC,,20,JAY ST,,BROOKLYN,NY,11201,7182222500,Brooklyn,3
2068554-DCA,Business,2025-03-31,HERALD SQUARE PARKING LLC,,839,6TH AVE,,NEW YORK,NY,10001,2126869800,Manhattan,1
2102761-DCA,Business,2025-03-31,CHAMPION PARKING 45 LLC,,235,E 45TH ST,,NEW YORK,NY,10017,2123085959,Manhattan,1
1402662-DCA,Business,2025-03-31,330 THIRD PARKING CORP.,,330,3RD AVE,,NEW YORK,NY,10010,2127367171,Manhattan,1
0782517-DCA,Business,2025-03-31,EXCELLENT PARKING LLC,,153,E 29TH ST,,NEW YORK,NY,10016,2126869800,Manhattan,1
1423872-DCA,Business,2025-03-31,PARK KWIK LLC,,85,ADAMS ST,,BROOKLYN,NY,11201,7182222500,Brooklyn,3
2104942-DCA,Business,2025-03-31,MP WEST 43 PARKING LLC,,360,W 43RD ST,,NEW YORK,NY,10036,2124903460,Manhattan,1
1308680-DCA,Business,2025-03-31,305 EAST 80TH PARKING LLC,,305,E 80TH ST,,NEW YORK,NY,10075,2126283121,Manhattan,1
2105876-DCA,Business,2025-03-31,QUIK PARK 3RD AVE LLC,,1142,3RD AVE,,NEW YORK,NY,10065,212-686-9800,Manhattan,1
2057793-DCA,Business,2025-03-31,400 EAST 56 PARKING LLC,,400,E 56TH ST,,NEW YORK,NY,10022,2127522884,Manhattan,1
1192245-DCA,Business,2025-03-31,231 EAST 94TH STREET PARKING LLC,,231,E 94TH ST,,NEW YORK,NY,10128,2128887400,Manhattan,1
2016679-DCA,Business,2025-03-31,QUIK PARK EAST 79 GARAGE LLC,,435,E 79TH ST,,NEW YORK,NY,10075,212-832-2066,Manhattan,1
2105934-DCA,Business,2025-03-31,157E57 CORP,,155,E 57TH ST,,NEW YORK,NY,10022,7189049500,Manhattan,1
0367503-DCA,Business,2025-03-31,RAINBOW PARKING CORP.,,300,E 71ST ST,,NEW YORK,NY,10021,212-308-5959,Manhattan,1
2054332-DCA,Business,2025-03-31,"LIBERTY VIEW PARKING, LLC",,2,RIVER TER,,NEW YORK,NY,10282,212-686-9800,Manhattan,1
2099931-DCA,Business,2025-03-31,CHAMPION 33 LLC,,4,PARK AVE,,NEW YORK,NY,10016,212-308-5959,Manhattan,1
1066286-DCA,Business,2025-03-31,"SANFORD TOWER GARAGE, INC.",,13347,SANFORD AVE,,FLUSHING,NY,11355,7183598058,Queens,4
1305460-DCA,Business,2025-03-31,THEATER 50 PARKING LLC,,305,W 50TH ST,,NEW YORK,NY,10019,2126869800,Manhattan,1
1464646-DCA,Business,2025-03-31,DISCOVER 97 PARKING LLC,,750,COLUMBUS AVE,,NEW YORK,NY,10025,2126869800,Manhattan,1
2113448-DCA,Business,2025-03-31,CHAMPION PARKING 52 LLC,,349,W 51ST ST,,NEW YORK,NY,10019,212-308-5959,Manhattan,1
2092477-DCA,Business,2025-03-31,221 EAST 36TH STREET GARAGE LLC,,221,E 36TH ST,,NEW YORK,NY,10016,6465840409,Manhattan,1
1328217-DCA,Business,2025-03-31,WILLBE PARKING LLC,,318,E 15TH ST,,NEW YORK,NY,10003,2122604305,Manhattan,1
2024014-DCA,Business,2025-03-31,62 MULBERRY PARKING CORP,,62,MULBERRY ST,,NEW YORK,NY,10013,212-736-7171,Manhattan,1
1338636-DCA,Business,2025-03-31,HARL PARKING CORP.,,1481,5TH AVE,,NEW YORK,NY,10035,2129299404,Manhattan,1
2097128-DCA,Business,2025-03-31,146-154 THIRD AVENUE PARKING CORP,,146,3RD AVE,,NEW YORK,NY,10003,2127367171,Manhattan,1
1377213-DCA,Business,2025-03-31,5TH AVENUE PROPERTY & PARKING LLC,,1325,5TH AVE,,NEW YORK,NY,10026,2124211117,Manhattan,1
2101786-DCA,Business,2025-03-31,157 WEST 83RD PARKING MANAGEMENT CORP.,,157,W 83RD ST,,NEW YORK,NY,10024,2127367171,Manhattan,1
2099667-DCA,Business,2025-03-31,333 EAST 46TH PARKING CORP,,333,E 46TH ST,,NEW YORK,NY,10017,2127367171,Manhattan,1
2021453-DCA,Business,2025-03-31,GGG PARKING GARAGE CORP.,,920,WESTCHESTER AVE,,BRONX,NY,10459,9175573711,Bronx,2
2097372-DCA,Business,2025-03-31,115 EAST 87TH STREET PARKING CORP.,,115,E 87TH ST,,NEW YORK,NY,10128,2127367171,Manhattan,1
0901637-DCA,Business,2025-03-31,WOOSTER PARKING CORP.,,349,CANAL ST,,NEW YORK,NY,10013,212-929-9404,Manhattan,1
2083503-DCA,Business,2025-03-31,ABM INDUSTRY GROUPS LLC,ABM PARKING SERVICES,1633,BROADWAY,,NEW YORK,NY,10019,9145255897,Manhattan,1
2105918-DCA,Business,2025-03-31,215 E 95TH PARKING LLC,,201,E 95TH ST,,NEW YORK,NY,10128,2126869800,Manhattan,1
2097061-DCA,Business,2025-03-31,101 PARK GARAGE LLC,,101,PARK AVE,,NEW YORK,NY,10178,6465840409,Manhattan,1
2042301-DCA,Business,2025-03-31,210 CENTRAL PARK SOUTH PARKING CORP.,,210,CENTRAL PARK S,,NEW YORK,NY,10019,2127367171,Manhattan,1
2020001-DCA,Business,2025-03-31,44 ELIZABETH STREET PARKING CORP,,44,ELIZABETH ST,,NEW YORK,NY,10013,,Manhattan,1
2089530-DCA,Business,2025-03-31,30-40-60 GARAGE LLC,,30,E 9TH ST,,NEW YORK,NY,10003,6469644323,Manhattan,1
2034503-DCA,Business,2025-03-31,165 STREET PARKING INC,,8835,165TH ST,,JAMAICA,NY,11432,646 599-4839,Queens,4
0992413-DCA,Business,2025-03-31,CASTLE PARKING CORP.,,2846,WEBSTER AVE,,BRONX,NY,10458,7189334751,Bronx,2
1461276-DCA,Business,2025-03-31,QUIK PARK EAST 102ND STREET GARAGE LLC,,315,E 102ND ST,,NEW YORK,NY,10029,2128322066,Manhattan,1
2110465-DCA,Business,2025-03-31,200 CENTRAL PARK SOUTH GARAGE LLC,,922,7TH AVE,,NEW YORK,NY,10019,6465840409,Manhattan,1
2114886-DCA,Business,2025-03-31,PRIMA PARKING LLC,,330,E 61ST ST,,NEW YORK,NY,10065,7326084260,Manhattan,1
2101595-DCA,Business,2025-03-31,NYC ARENA PARKING LLC,,670,PACIFIC ST,,BROOKLYN,NY,11217,9175668422,Brooklyn,3
2028694-DCA,Business,2025-03-31,"LAZ PARKING NEW YORK/NEW JERSEY, LLC",LAZ PARKING NY/NJ,9,W 57TH ST,,NEW YORK,NY,10019,8605227641,Manhattan,1
2102147-DCA,Business,2025-03-31,"IMPERIAL PARKING (U.S.), LLC",,142,W 21ST ST,,NEW YORK,NY,10011,3472733569,Manhattan,1
2109719-DCA,Business,2025-03-31,CHAMPION SCR LLC,,169,E 87TH ST,,NEW YORK,NY,10128,2123085959,Manhattan,1
2111090-DCA,Business,2025-03-31,MBA III PARKING CORP,,2703,42ND RD,,LONG ISLAND CITY,NY,11101,718-864-2992,Queens,4
1461597-DCA,Business,2025-03-31,QUIK PARK MIA GARAGE LLC,,38,BOWERY,,NEW YORK,NY,10013,2123492299,Manhattan,1
2067143-DCA,Business,2025-03-31,WELCOME PARKING LLC,,131,E 55TH ST,,NEW YORK,NY,10022,646-476-2959,Manhattan,1
0838371-DCA,Business,2025-03-31,CONVENIENT PARKING LLC,,215,W 95TH ST,,NEW YORK,NY,10025,2126869800,Manhattan,1
2114864-DCA,Business,2025-03-31,"PREMIUM PARKING OF NY NJ, L.L.C.",,98,FRONT ST,,BROOKLYN,NY,11201,6462488530,Brooklyn,3
2104502-DCA,Business,2025-03-31,MP JACKSON AVENUE PARKING LLC,,2244,JACKSON AVE,,LONG ISLAND CITY,NY,11101,2124903460,Queens,4
1013974-DCA,Business,2025-03-31,SOUTH WILLIAM PARKING LLC,,16,S WILLIAM ST,,NEW YORK,NY,10004,2126869800,Manhattan,1
2059578-DCA,Business,2025-03-31,375 HUD PARKING LLC,,375,HUDSON ST,,NEW YORK,NY,10014,2126869800,Manhattan,1
1221665-DCA,Business,2025-03-31,"SWEETS PARKING I, INC.",,437,MADISON AVE,,NEW YORK,NY,10022,2127533100,Manhattan,1
2103471-DCA,Business,2025-03-31,VICTORIA PARKING LLC,,13338,SANFORD AVE,,FLUSHING,NY,11355,,Queens,4
1250358-DCA,Business,2025-03-31,"EDISON NY PARKING, LLC",,1120,AVENUE OF THE AMERICAS,,NEW YORK,NY,10036,2129979096,Manhattan,1
2112158-DCA,Business,2025-03-31,H & E PARKING GARAGE CORP,,1962,CROTONA PKWY,,BRONX,NY,10460,7186178548,Bronx,2
2058614-DCA,Business,2025-03-31,IMPERIAL PARKING US LLC,IMpark,200,W 79TH ST,,NEW YORK,NY,10024,2129378660 X225,Manhattan,1
2112213-DCA,Business,2025-03-31,125 VERTICAL PARKING GROUP  LLC,,123,BAXTER ST,,NEW YORK,NY,10013,5162051689,Manhattan,1
2102185-DCA,Business,2025-03-31,"EDISON NY PARKING, LLC",,409,E 110TH ST,,NEW YORK,NY,10029,2126315995,Manhattan,1
2107482-DCA,Business,2025-03-31,786 PARKING 1 CORP,,785,DEKALB AVE,,BROOKLYN,NY,11221,7186180276,Brooklyn,3
2046303-DCA,Business,2025-03-31,BROOKLYN METRO PARKING LLC,,100,WILLOUGHBY ST,,BROOKLYN,NY,11201,2126869800,Brooklyn,3
1461192-DCA,Business,2025-03-31,"IMPERIAL PARKING (U.S), LLC",IMPARK,422-446,E 79TH ST,,NEW YORK,NY,10075,2129378660,Manhattan,1
2075368-DCA,Business,2025-03-31,ENTERPRISE 57 PARKING LLC,,606,W 57TH ST,,NEW YORK,NY,10019,2125643199,Manhattan,1
1001573-DCA,Business,2025-03-31,245 EAST 40TH ST. PARKING LLC,,747,2ND AVE,,NEW YORK,NY,10017,2126869800,Manhattan,1
2050361-DCA,Business,2025-03-31,403 EAST 60TH STREET PARKING LLC,,403,E 60TH ST,,NEW YORK,NY,10022,,Manhattan,1
2029596-DCA,Business,2025-03-31,BPG 149TH M LLC,,225,E 149TH ST,,BRONX,NY,10451,551-259-7349,Bronx,2
2108226-DCA,Business,2025-03-31,EMPIRE II PARKING GARAGE INC,,800,SAINT ANNS AVE,,BRONX,NY,10456,3472207660,Bronx,2
2047939-DCA,Business,2025-03-31,"CLEAN AIR CAR SERVICE & PARKING BRANCH 3, LLC",,3720,PRINCE ST,,FLUSHING,NY,11354,,Queens,4
2054343-DCA,Business,2025-03-31,BELLTEL 365 PARKING LLC,,365,BRIDGE ST,,BROOKLYN,NY,11201,82-1130031,Brooklyn,3
2046173-DCA,Business,2025-03-31,250 W. 50TH PARKING LLC,,250,W 50TH ST,,NEW YORK,NY,10019,2126869800,Manhattan,1
2099149-DCA,Business,2025-03-31,BROOK PARK PARKING CORP,,600,BERGEN AVE,,BRONX,NY,10455,9174705093,Bronx,2
2103389-DCA,Business,2025-03-31,"ONE PARKING 703, INC.",,20990,23RD AVE,,BAYSIDE,NY,11360,5618337222,Queens,4
1159592-DCA,Business,2025-03-31,PATRIOT PARKING LLC,,308,GREENWICH ST,,NEW YORK,NY,10013,2126869800,Manhattan,1
2033061-DCA,Business,2025-03-31,SP PLUS CORPORATION,,200,PARK AVE,,NEW YORK,NY,10166,2125025490,Manhattan,1
1245036-DCA,Business,2025-03-31,WELCOME PARKING LIMITED LIABILITY COMPANY,,601,AMBOY ST,,BROOKLYN,NY,11212,2016807129,Brooklyn,3
2058395-DCA,Business,2025-03-31,"LAZ PARKING NEW YORK/NEW JERSEY, LLC",,504,MYRTLE AVE,,BROOKLYN,NY,11205,8605227641,Brooklyn,3
2113683-DCA,Business,2025-03-31,58TH & 7TH PARKING LLC,,157,W 57TH ST,,NEW YORK,NY,10019,2126869800,Manhattan,1
1246823-DCA,Business,2025-03-31,310 LEX PARKING MGMT LLC,,310,LEXINGTON AVE,,NEW YORK,NY,10016,2126812044,Manhattan,1
1199393-DCA,Business,2025-03-31,SOHO VILLAGE PARKING LLC,,610,BROADWAY,,NEW YORK,NY,10012,212-686-9800,Manhattan,1
1159595-DCA,Business,2025-03-31,PATRIOT PARKING LLC,,351,GREENWICH ST,,NEW YORK,NY,10013,2126869800,Manhattan,1
2106763-DCA,Business,2025-03-31,MP  EAST 95 PARKING LLC,,182,E 95TH ST,,NEW YORK,NY,10128,2124903460,Manhattan,1
2096978-DCA,Business,2025-03-31,"IMPERIAL PARKING (U.S.), LLC",,1630,E 15TH ST,,BROOKLYN,NY,11229,3472733569,Brooklyn,3
2045993-DCA,Business,2025-03-31,MKN PARKING CORP,,1355,CROMWELL AVE,,BRONX,NY,10452,6466516335,Bronx,2
2059556-DCA,Business,2025-03-31,IMPERIAL PARKING (US) LLC,,222,W 14TH ST,,NEW YORK,NY,10011,3472733569,Manhattan,1
2054403-DCA,Business,2025-03-31,ATRIUM PARK LLC,,155,W 36TH ST,,NEW YORK,NY,10018,212-686-9800,Manhattan,1
1130760-DCA,Business,2025-03-31,JDS PARKING LLC,,561,10TH AVE,,NEW YORK,NY,10036,2126869800,Manhattan,1
1445860-DCA,Business,2025-03-31,"EDISON NY PARKING, LLC",,270,DYCKMAN ST,,NEW YORK,NY,10034,3477285044,Manhattan,1
2103217-DCA,Business,2025-03-31,LEONARD STREET PARKING LP,EDISON PARK FAST,88,LEONARD ST,,NEW YORK,NY,10013,973-849-2879,Manhattan,1
2114808-DCA,Business,2025-03-31,"IMPERIAL PARKING (U.S.), LLC",,55,W 125TH ST,,NEW YORK,NY,10027,3472733569,Manhattan,1
1187112-DCA,Business,2025-03-31,59 AND 5TH PARKING LLC,,767,5TH AVE,,NEW YORK,NY,10153,2126869800,Manhattan,1
0368502-DCA,Business,2025-03-31,GLOBAL PARKING LLC,,143,W 40TH ST,,NEW YORK,NY,10018,2126869800,Manhattan,1
2106349-DCA,Business,2025-03-31,SAFE PARKING NYC INC,,424,E 147TH ST,,BRONX,NY,10455,9175290966,Bronx,2
1432040-DCA,Business,2025-03-31,1908 PARK AVENUE STORAGE LLC,1908 PARKING COMPANY,1908,PARK AVE,,NEW YORK,NY,10035,212-427-4004,Manhattan,1
2108228-DCA,Business,2025-03-31,EMPIRE II PARKING GARAGE INC,,780,SAINT ANNS AVE,,BRONX,NY,10456,3472207660,Bronx,2
1382731-DCA,Business,2025-03-31,"LAZ PARKING NEW YORK/NEW JERSEY, LLC",,56-80,GREENWICH ST,,NEW YORK,NY,10006,8605227641,Manhattan,1
1186721-DCA,Business,2025-03-31,NICE PARK LLC,,310,E 11TH ST,,NEW YORK,NY,10003,2129299404,Manhattan,1
0887551-DCA,Business,2025-03-31,"J & B PARKING GARAGE, INC.",,2123,AMSTERDAM AVE,,NEW YORK,NY,10032,2125433328,Manhattan,1
1328126-DCA,Business,2025-03-31,M&N GROUP PARKING INC,,3158-60,JEROME AVE,,BRONX,NY,10468,917-470-5093,Bronx,2
2097368-DCA,Business,2025-03-31,MP WEST 34 JAV LLC,,651,W 33RD ST,,NEW YORK,NY,10001,212-490-3460,Manhattan,1
2093271-DCA,Business,2025-03-31,MP HEIGHTS PARKING LLC,,107,COLUMBIA HTS,,BROOKLYN,NY,11201,2124903460,Brooklyn,3
1234298-DCA,Business,2025-03-31,METROPOLITAN 51 PARKING LLC,,569-573,LEXINGTON AVE,,NEW YORK,NY,10022,2123088474,Manhattan,1
2038951-DCA,Business,2025-03-31,"LAZ PARKING NEW YORK/NEW JERSEY, LLC",LAZ PARKING NY/NJ LLC,13620,38TH AVE,,FLUSHING,NY,11354,8605227641,Queens,4
1002786-DCA,Business,2025-03-31,111 EIGHTH AVENUE PARKING LLC,,111,8TH AVE,,NEW YORK,NY,10011,2126869800,Manhattan,1
1251102-DCA,Business,2025-03-31,JENUWEN CAR PARK INC.,,580,FLATBUSH AVE,,BROOKLYN,NY,11225,2122216111,Brooklyn,3
0369956-DCA,Business,2025-03-31,STATE-PEARL GARAGE INC.,,1,BATTERY PARK PLZ,,NEW YORK,NY,10004,2124072516,Manhattan,1
2030398-DCA,Business,2025-03-31,"YORKVILLE CAR PARK, LLC",,1635,3RD AVE,,NEW YORK,NY,10128,2129966363 X214,Manhattan,1
1105864-DCA,Business,2025-03-31,EAST 79TH STREET PARKING LLC,,505,E 79TH ST,,NEW YORK,NY,10075,2124903460,Manhattan,1
2100283-DCA,Business,2025-03-31,MV GARAGE MANAGEMENT INC,,2239,ADAM CLAYTON POWELL JR BLVD,,NEW YORK,NY,10027,6466602036,Manhattan,1
2103726-DCA,Business,2025-03-31,MP ASHLAND PARKING LLC,,152,ASHLAND PLACE,,BROOKLYN,NY,11201,212-490-3460,Brooklyn,3
2108227-DCA,Business,2025-03-31,EMPIRE I PARKING GARAGE INC,,950,WESTCHESTER AVE,,BRONX,NY,10459,3472207660,Bronx,2
0429658-DCA,Business,2025-03-31,REGAL PARKING LLC,,250,MADISON AVE,,NEW YORK,NY,10016,2126869800,Manhattan,1
2112423-DCA,Business,2025-03-31,LM DIME PARKING LLC,,277,S 5TH ST,,BROOKLYN,NY,11211,21227143571,Brooklyn,3
2080640-DCA,Business,2025-03-31,E 74TH PARKING CORP.,,343,E 74TH ST,,NEW YORK,NY,10021,8009441424,Manhattan,1
1006124-DCA,Business,2025-03-31,"EDISON NY PARKING, LLC",,161,10TH AVE,,NEW YORK,NY,10011,973-643-7700,Manhattan,1
1258315-DCA,Business,2025-03-31,MP HUB PARKING LLC,,3000,3RD AVE,,BRONX,NY,10455,2124903460,Bronx,2
1299171-DCA,Business,2025-03-31,FULL HOUSE PARKING LLC,,13511,40TH RD,,FLUSHING,NY,11354,3477320219,Queens,4
2051058-DCA,Business,2025-03-31,CL PARKING LLC,,4809,CENTER BLVD,,LONG ISLAND CITY,NY,11109,212-686-9800,Queens,4
2102186-DCA,Business,2025-03-31,EDISON NY PARKING LLC,EDISON PARKFAST,182,SCHERMERHORN ST,,BROOKLYN,NY,11201,973-849-2879,Brooklyn,3
1245038-DCA,Business,2025-03-31,WELCOME PARKING LIMITED LIABILITY COMPANY,,8806,VAN WYCK EXPY,,JAMAICA,NY,11418,2016807129,Queens,4
2035633-DCA,Business,2025-03-31,"LAZ PARKING NEW YORK/NEW JERSEY, LLC",LAZ PARKING NY/NJ LLC,300,SCHERMERHORN ST,,BROOKLYN,NY,11217,8605227641,Brooklyn,3
1465356-DCA,Business,2025-03-31,ORMOND PLACE PARKING CORP.,,12,CLAVER PL,,BROOKLYN,NY,11238,7188570822,Brooklyn,3
2012211-DCA,Business,2025-03-31,DIVINE PARKING GARAGE CORP,,3775,10TH AVE,,NEW YORK,NY,10034,2125442833,Manhattan,1
2090971-DCA,Business,2025-03-31,III IN LOT PARKING INC,,4388,BROADWAY,,NEW YORK,NY,10040,646-964-4640,Manhattan,1
1474717-DCA,Business,2025-03-31,"IMPERIAL PARKING (U.S.), LLC",,101,BEDFORD AVE,,BROOKLYN,NY,11211,2129378660,Brooklyn,3
2094608-DCA,Business,2025-03-31,422 EAST 72ND STREET GARAGE LLC,,422,E 72ND ST,,NEW YORK,NY,10021,6465840409,Manhattan,1
2082016-DCA,Business,2025-03-31,EZY PARKING INC.,,1981,SEDGWICK AVE,,BRONX,NY,10453,7182944264,Bronx,2
2113155-DCA,Business,2025-03-31,2211 3RD AVE PARKING LLC,,210,E 121ST ST,,NEW YORK,NY,10035,347-866-3357,Manhattan,1
2082019-DCA,Business,2025-03-31,EZY PARKING INC.,,930,SHERIDAN AVE,,BRONX,NY,10451,7182944264,Bronx,2
2006294-DCA,Business,2025-03-31,"LAZ PARKING NEW YORK/NEW JERSEY, LLC",,175,KENT AVE,,BROOKLYN,NY,11249,8605227641,Brooklyn,3
1470158-DCA,Business,2025-03-31,RYER PARKING LLC,,2346,RYER AVE,,BRONX,NY,10458,6463771900,Bronx,2
2107034-DCA,Business,2025-03-31,MP STEINWAY PARKING LLC,,3620,STEINWAY ST,,LONG ISLAND CITY,NY,11101,2124903460,Queens,4
2077757-DCA,Business,2025-03-31,ROGAR LLC,,280,BROADWAY,,NEW YORK,NY,10007,2129299404,Manhattan,1
1461260-DCA,Business,2025-03-31,IMPERIAL PARKING US LLC,IMPARK,41,SEAVER WAY,,CORONA,NY,11368,2129378660,Queens,4
2086742-DCA,Business,2025-03-31,WEST FARMS PARKING LLC,,1512,BOONE AVE,,BRONX,NY,10460,,Bronx,2
2092451-DCA,Business,2025-03-31,OTTO PARK LLC,,211,MCGUINNESS BLVD,,BROOKLYN,NY,11222,2125755335,Brooklyn,3
0921085-DCA,Business,2025-03-31,"ABC PARKING, CORP.",,2070,WHITE PLAINS RD,,BRONX,NY,10462,7188025611,Bronx,2
2021442-DCA,Business,2025-03-31,G & K PARKING GARAGE INC.,,1208,FRANKLIN AVE,,BRONX,NY,10456,718-235-4975,Bronx,2
1467740-DCA,Business,2025-03-31,RAMCELL PARKING CORPORATION,,1484,JEROME AVE,,BRONX,NY,10452,646-764-0185,Bronx,2
2110236-DCA,Business,2025-03-31,22 EAST 1ST STREET GARAGE LLC,,22,E 1ST ST,,NEW YORK,NY,10003,6465840409,Manhattan,1
2113161-DCA,Business,2025-03-31,C & C PARKING LOT CORP,,3560,WEBSTER AVE,,BRONX,NY,10467,3478663357,Bronx,2
1461731-DCA,Business,2025-03-31,"IMPERIAL PARKING (U.S.), LLC",,12601,ROOSEVELT AVE,,FLUSHING,NY,11368,2129378660,Queens,4
1452642-DCA,Business,2025-03-31,304 WEST 49TH PARKING CORP.,,304,W 49TH ST,,NEW YORK,NY,10019,2122475607,Manhattan,1
2113162-DCA,Business,2025-03-31,310 EAST PARKING CORP,,310,E 70TH ST,,NEW YORK,NY,10021,9176643792,Manhattan,1
1460642-DCA,Business,2025-03-31,ENTERPRISE 37 EAST PARKING LLC,,415,E 37TH ST,,NEW YORK,NY,10016,212-679-8414,Manhattan,1
2082904-DCA,Business,2025-03-31,ADD PARK INC,,3000,PARK AVE,,BRONX,NY,10451,9174705093,Bronx,2
0975588-DCA,Business,2025-03-31,"ZOOM CAR PARK, INC.",,3130,GRAND CONCOURSE,,BRONX,NY,10458,2122216111,Bronx,2
1460710-DCA,Business,2025-03-31,"WORLD TOWER PARKING GARAGE, LLC",,310,W 144TH ST,,NEW YORK,NY,10030,2125643199,Manhattan,1
1461225-DCA,Business,2025-03-31,"IMPERIAL PARKING (U.S.), LLC",,90-15,PARSONS BLVD,,JAMAICA,NY,11432,2129378660,Queens,4
2106554-DCA,Business,2025-03-31,A & A PARKING CORP,,525,CLINTON AVE,,BROOKLYN,NY,11238,9176012146,Brooklyn,3
2091122-DCA,Business,2025-03-31,1578 WILLIAMSBRIDGE ROAD LLC,,1578,WILLIAMSBRIDGE RD,,BRONX,NY,10461,7188639709,Bronx,2
2108852-DCA,Business,2025-03-31,HAVEN PARK LLC,,2568,PARK AVE,,BRONX,NY,10451,9148743268,Bronx,2
2051515-DCA,Business,2025-03-31,ADD PARK INC,,3213,3RD AVE,,BRONX,NY,10451,9174705093,Bronx,2
2066878-DCA,Business,2025-03-31,"UNISPHERE MANAGEMENT, LLC",,13618,41ST AVE,,FLUSHING,NY,11355,7188882367,Queens,4
2113675-DCA,Business,2025-03-31,SP PLUS CORPORATION,,39,E 29TH ST,,NEW YORK,NY,10016,2123217542,Manhattan,1
1218382-DCA,Business,2025-03-31,444 MANHATTAN PARKING CORP.,,444,MANHATTAN AVE,,NEW YORK,NY,10026,,Manhattan,1
1469508-DCA,Business,2025-03-31,VINCENT 15 PARKING LLC,,553,AVENUE OF THE AMERICAS,,NEW YORK,NY,10011,2126869800,Manhattan,1
2107971-DCA,Business,2025-03-31,SOBRO PARKING GARAGE CORP.,,276,GRAND CONCOURSE,,BRONX,NY,10451,7185573711,Bronx,2
2034103-DCA,Business,2025-03-31,TYOS LLC,,1131,OGDEN AVE,,BRONX,NY,10452,2126652160,Bronx,2
2110234-DCA,Business,2025-03-31,11 EAST 1ST STREET GARAGE LLC,,11,E 1ST ST,,NEW YORK,NY,10003,6465840409,Manhattan,1
1384437-DCA,Business,2025-03-31,REX PARKING CORP.,,10,E 153RD ST,,BRONX,NY,10451,5166984240,Bronx,2
0427868-DCA,Business,2025-03-31,249 PARKING CORP.,,249,10TH AVE,,NEW YORK,NY,10001,2126457548,Manhattan,1
1256221-DCA,Business,2025-03-31,53RD STERLING PARKING LLC,,304,E 53RD ST,,NEW YORK,NY,10022,2126869800,Manhattan,1
2113661-DCA,Business,2025-03-31,22ND AND SIXTH PARKING LLC,,60,W 23RD ST,AKA 56-76 WEST 23RD STREET,NEW YORK,NY,10010,212-686-9800,Manhattan,1
1384440-DCA,Business,2025-03-31,REX PARKING CORP.,,10,E 153RD ST,,BRONX,NY,10451,5166984240,Bronx,2
2097362-DCA,Business,2025-03-31,PLATINUM PLUS PARKING LLC,,350,E 30TH ST,,NEW YORK,NY,10016,,Manhattan,1
0368337-DCA,Business,2025-03-31,165 WEST 66TH STREET PARKING LLC,,165,W 66TH ST,,NEW YORK,NY,10023,212-686-9800,Manhattan,1
2088835-DCA,Business,2025-03-31,30-40-60 GARAGE LLC,,60,E 9TH ST,,NEW YORK,NY,10003,6469644323,Manhattan,1
2089165-DCA,Business,2025-03-31,ZANDER GARAGE LLC,,301,ELIZABETH ST,,NEW YORK,NY,10012,646-964-4323,Manhattan,1
2110186-DCA,Business,2025-03-31,668 MP PARKING CORP,,668,BUSHWICK AVE,,BROOKLYN,NY,11221,7189441590,Brooklyn,3
2110241-DCA,Business,2025-03-31,MORNINGSIDE PARKING LLC,,401,W 110TH ST,,NEW YORK,NY,10025,2126869800,Manhattan,1
1361354-DCA,Business,2025-03-31,EAST 61ST STREET PARKING GARAGE CORP.,,150,E 61ST ST,,NEW YORK,NY,10065,212-736-7171,Manhattan,1
2081249-DCA,Business,2025-03-31,PARK 108 LLC,,234,W 108TH ST,,NEW YORK,NY,10025,2129299404,Manhattan,1
2110058-DCA,Business,2025-03-31,MBA II PARKING CORP,,568,UNION AVE,,BROOKLYN,NY,11211,7188642992,Brooklyn,3
1333128-DCA,Business,2025-03-31,2721 NEIGHBORHOOD PARKING LOT CORP.,,2721,BRONXWOOD AVE,,BRONX,NY,10469,347-427-7606,Bronx,2
2009547-DCA,Business,2025-03-31,PARK NORTH PARKING CORP,,220,E 117TH ST,,NEW YORK,NY,10035,2123606300,Manhattan,1
1331651-DCA,Business,2025-03-31,TOWER 25 PARKING LLC,,305,E 24TH ST,,NEW YORK,NY,10010,2126869800,Manhattan,1
2036650-DCA,Business,2025-03-31,IMPARK 1199 PA LLC,,1199,PARK AVE,,NEW YORK,NY,10128,212-937-8660,Manhattan,1
2109967-DCA,Business,2025-03-31,KINGS PARKING INC,,825,39TH ST,,BROOKLYN,NY,11232,6462836893,Brooklyn,3
2110019-DCA,Business,2025-03-31,790 7TH AVENUE PARKING CORP,,790,7TH AVE,,NEW YORK,NY,10019,2127367171,Manhattan,1
2059559-DCA,Business,2025-03-31,IMPERIAL PARKING (US) LLC,,97,CHARLES ST,AKA 100-102 PERRY STREET,NEW YORK,NY,10014,3472733569,Manhattan,1
2043321-DCA,Business,2025-03-31,PARK FDB LLC,,2280,FREDERICK DOUGLASS BLVD,,NEW YORK,NY,10027,2122228487,Manhattan,1
2104759-DCA,Business,2025-03-31,FF PARKING CORP,,4123,CRESCENT ST,,LONG ISLAND CITY,NY,11101,9176012146,Queens,4
1244225-DCA,Business,2025-03-31,PARK KWIK LLC,,110,LIVINGSTON ST,,BROOKLYN,NY,11201,7182222500,Brooklyn,3
2089103-DCA,Business,2025-03-31,PUBLIC PARKING 200 E. 15TH STREET INC,,200,E 15TH ST,,NEW YORK,NY,10003,7187297276,Manhattan,1
2108667-DCA,Business,2025-03-31,KRAJA PARKING GARAGE LLC,,330,E 70TH ST,,NEW YORK,NY,10021,6463398221,Manhattan,1
0368506-DCA,Business,2025-03-31,GEMA PARKING CORP.,,333,E 14TH ST,,NEW YORK,NY,10003,2124774043,Manhattan,1
2106552-DCA,Business,2025-03-31,FF PARKING CORP,,313,SAINT MARKS AVE,,BROOKLYN,NY,11238,9176012146,Brooklyn,3
0800698-DCA,Business,2025-03-31,245 EAST 36TH STREET GARAGE CORP.,,237,E 36TH ST,,NEW YORK,NY,10016,2126880700,Manhattan,1
0947720-DCA,Business,2025-03-31,"ALLIED AUSTIN CO., L.P.",,7020,AUSTIN ST,,FOREST HILLS,NY,11375,7182633800,Queens,4
2083115-DCA,Business,2025-03-31,SYLVAN WINDSOR PARKING LLC,,10724,71ST RD,,FOREST HILLS,NY,11375,718-575-9768,Queens,4
2110989-DCA,Business,2025-03-31,EZ PARK CORP,,14126,NORTHERN BLVD,,FLUSHING,NY,11354,9298017013,Queens,4
2075363-DCA,Business,2025-03-31,SP PLUS CORPORATION,,1500,UNIONPORT RD,,BRONX,NY,10462,2125025490,Bronx,2
2114629-DCA,Business,2025-03-31,SURREY GARAGE 72 ST CORP,,525,E 72ND ST,,NEW YORK,NY,10021,9144197872,Manhattan,1
1461257-DCA,Business,2025-03-31,IMPERIAL PARKING US LLC,IMPARK,450,E 79TH ST,,NEW YORK,NY,10075,3472733569,Manhattan,1
2114666-DCA,Business,2025-03-31,790 8TH AVENUE PARKING CORP.,,790,8TH AVE,,NEW YORK,NY,10019,2127367171,Manhattan,1
2114456-DCA,Business,2025-03-31,"LAZ PARKING NEW YORK/NEW JERSEY, LLC",,3916,PRINCE ST,,FLUSHING,NY,11354,7184072575,Queens,4
2057605-DCA,Business,2025-03-31,NEW RIVERDALE PARKING INC.,,3217,IRWIN AVE,,BRONX,NY,10463,2128821911,Bronx,2
2114419-DCA,Business,2025-03-31,Laz Parking New York/New Jersey LLC,,54,NOLL ST,,BROOKLYN,NY,11206,7184072575,Brooklyn,3
2114471-DCA,Business,2025-03-31,Laz Parking New York/New Jersey LLC,LAZ Parking NY/NJ LLC,123,MELROSE ST,,BROOKLYN,NY,11206,7184072575,Brooklyn,3
2104762-DCA,Business,2025-03-31,A & A PARKING CORP,,333,GREENE AVE,,BROOKLYN,NY,11238,9176012146,Brooklyn,3
2083116-DCA,Business,2025-03-31,SYLVAN MIDWAY PARKING LLC,,10818,QUEENS BLVD,,FOREST HILLS,NY,11375,718-575-9440,Queens,4
1371568-DCA,Business,2025-03-31,PARKING SERVICES PLUS INC,,7710,41ST AVE,,ELMHURST,NY,11373,5168254661,Queens,4
1125528-DCA,Business,2025-03-31,WORLD PARKING GARAGE LLC,,1,CENTRAL PARK W,,NEW YORK,NY,10023,2125643199,Manhattan,1
2096489-DCA,Business,2025-03-31,BROOK PARK PARKING CORP,,702,GRAND CONCOURSE,,BRONX,NY,10451,9174705093,Bronx,2
2027380-DCA,Business,2025-03-31,NOSTRAND AVE PARKING CORP,,3804,NOSTRAND AVE,,BROOKLYN,NY,11235,718-934-0252,Brooklyn,3
2000478-DCA,Business,2025-03-31,ENTERPRISE TOREN PARKING LLC,,150,MYRTLE AVE,,BROOKLYN,NY,11201,2125643199,Brooklyn,3
0889341-DCA,Business,2025-03-31,THOMPSON ST. PARKING CORP.,,221,THOMPSON ST,,NEW YORK,NY,10012,2129299404,Manhattan,1
2086766-DCA,Business,2025-03-31,"EAST 65TH GARAGE, LLC",,1189,1ST AVE,,NEW YORK,NY,10065,6469644323,Manhattan,1
1263718-DCA,Business,2025-03-31,WETHEROLE LLC,,6574,WETHEROLE ST,,REGO PARK,NY,11374,7188969896,Queens,4
2033953-DCA,Business,2025-03-31,IMPERIAL HOUSE PARKING MANAGEMENT COMPANY,,155,E 68TH ST,,NEW YORK,NY,10065,2123272626,Manhattan,1
0984236-DCA,Business,2025-03-31,61 JANE PARKING CORP.,,61,JANE ST,,NEW YORK,NY,10014,2122436303,Manhattan,1
2097646-DCA,Business,2025-03-31,NINETY PARK GARAGE LLC,,90,PARK AVE,,NEW YORK,NY,10016,2015871000,Manhattan,1
0427913-DCA,Business,2025-03-31,CA-LI AUTOMATIC TRANSMISSION CORP.,A & S PARKING,103,W 108TH ST,,NEW YORK,NY,10025,2128640137,Manhattan,1
2110693-DCA,Business,2025-03-31,511 EAST 80TH STREET PARKING CORP.,,511,E 80TH ST,,NEW YORK,NY,10075,2127367171,Manhattan,1
0966613-DCA,Business,2025-03-31,"RISING WOLF PARKING GARAGE, LLC",,336,E 9TH ST,,NEW YORK,NY,10003,2124755858,Manhattan,1
1132131-DCA,Business,2025-03-31,250 WEST PARKING CORP.,,250,W 19TH ST,,NEW YORK,NY,10011,2127367171,Manhattan,1
2003467-DCA,Business,2025-03-31,QUIK PARK WEST 23RD STREET GARAGE LLC,,425,W 23RD ST,,NEW YORK,NY,10011,2128322066,Manhattan,1
2095783-DCA,Business,2025-03-31,880 FIFTH AVENUE PARKING MANAGEMENT CORP,,880,5TH AVE,,NEW YORK,NY,10021,2127367171,Manhattan,1
2098613-DCA,Business,2025-03-31,PARKING SYSTEMS PLUS INC,,2027,EMMONS AVE,,BROOKLYN,NY,11235,8009441424,Brooklyn,3
2037397-DCA,Business,2025-03-31,45TH STREET PARKING CORP,,825,2ND AVE,,NEW YORK,NY,10017,2127367171,Manhattan,1
2087136-DCA,Business,2025-03-31,UPPER WEST PARKING INC,,303,W 96TH ST,,NEW YORK,NY,10025,3474487079,Manhattan,1
2090187-DCA,Business,2025-03-31,VANCITY PARKING INC,,70,E 162ND ST,,BRONX,NY,10452,6463689834,Bronx,2
2052194-DCA,Business,2025-03-31,GREENWICH STREET GARAGE LLC,,641,WASHINGTON ST,,NEW YORK,NY,10014,6465840409,Manhattan,1
2060785-DCA,Business,2025-03-31,ENTERPRISE WORLD PARKING LLC,,845,UNITED NATIONS PLZ,,NEW YORK,NY,10017,212-564-3199,Manhattan,1
2083249-DCA,Business,2025-03-31,POO PARKING CORP.,,1650,SELWYN AVE,,BRONX,NY,10457,2124903460,Bronx,2
0976776-DCA,Business,2025-03-31,BRONX CAR PARK SYSTEMS INC.,,2425,SEDGWICK AVE,,BRONX,NY,10468,212-221-6111,Bronx,2
2109500-DCA,Business,2025-03-31,ALPHA PARKING INC,,144,E 17TH ST,,NEW YORK,NY,10003,6466008384,Manhattan,1
1016447-DCA,Business,2025-03-31,PARADISE GARAGE CORP.,,6260,99TH ST,,REGO PARK,NY,11374,2127367171,Queens,4
2077583-DCA,Business,2025-03-31,BROOKLYN BRIDGE GARAGE LLC,,360,FURMAN ST,,BROOKLYN,NY,11201,6465840409,Brooklyn,3
2108230-DCA,Business,2025-03-31,XTELL AUSTIN PARKING LLC,,6860,AUSTIN ST,,FOREST HILLS,NY,11375,917-592-4762,Queens,4
1181002-DCA,Business,2025-03-31,"TIMES SQUARE GARAGE, LLC",MEYERS PARKING,141,W 43RD ST,,NEW YORK,NY,10036,2125025490,Manhattan,1
1155049-DCA,Business,2025-03-31,MOTT PARK LLC,,284,MOTT ST,,NEW YORK,NY,10012,212-564-3199,Manhattan,1
2064520-DCA,Business,2025-03-31,MBA PARKING CORP,,2702,QUEENS PLZ S,,LONG ISLAND CITY,NY,11101,7188642992,Queens,4
2027516-DCA,Business,2025-03-31,TAINO PARKING CORPORATION,,211,E 122ND ST,,NEW YORK,NY,10035,2124109174,Manhattan,1
2109682-DCA,Business,2025-03-31,ATHENA PARKING INC,,219,E 69TH ST,,NEW YORK,NY,10021,6466008384,Manhattan,1
2068161-DCA,Business,2025-03-31,"SPECIALTY PARKING, LLC",,13530,140TH ST,,JAMAICA,NY,11436,321-228-6908,Queens,4
2019880-DCA,Business,2025-03-31,GMH PARK INC,,1326,SPOFFORD AVE,,BRONX,NY,10474,9172140583,Bronx,2
2108218-DCA,Business,2025-03-31,ABRT SERVICES INC,PURCHASE PARK 2 FLY,22-61,94TH ST,,EAST ELMHURST,NY,11369,9085528888,Queens,4
2098489-DCA,Business,2025-03-31,MANHATTAN PREMIUM PARKING LLC,Manhattan Premium Parking,245,E 19TH ST,,NEW YORK,NY,10003,9172614880,Manhattan,1
0926039-DCA,Business,2025-03-31,"SAM PARKING, L.L.C.",,360,W BROADWAY,,NEW YORK,NY,10013,2129666774,Manhattan,1
2110380-DCA,Business,2025-03-31,TENG RUI PARKING LOT II INC,,5521,8TH AVE,,BROOKLYN,NY,11220,9176503933,Brooklyn,3
2087956-DCA,Business,2025-03-31,FLUSHING EZ PARKING INC.,,13203,SANFORD AVE,,FLUSHING,NY,11355,9178152555,Queens,4
2068641-DCA,Business,2025-03-31,ENC PARKING CORPORATION,,69,5TH AVE,,NEW YORK,NY,10003,9173251969,Manhattan,1
2057385-DCA,Business,2025-03-31,PROTO PARKING INC,,250,E 39TH ST,,NEW YORK,NY,10016,6462092694,Manhattan,1
2093859-DCA,Business,2025-03-31,WOC 24TH STREET GARAGE COMPANY LLC,,150,E 24TH ST,,NEW YORK,NY,10010,5165655600,Manhattan,1
1431627-DCA,Business,2025-03-31,AD PARKING INC.,,1140,TIFFANY ST,,BRONX,NY,10459,7189939003,Bronx,2
2009038-DCA,Business,2025-03-31,LM ALDUS PARKING LLC,,941,Hoe Avenue,(Parking Garage Entrance at 962 Aldus Street),Bronx,NY,10459,2127143571,Bronx,2
2082736-DCA,Business,2025-03-31,ABM INDUSTRY GROUPS LLC,ABM PARKING SERVICES,17,E 54TH ST,,NEW YORK,NY,10022,9145255897,Manhattan,1
0972256-DCA,Business,2025-03-31,EASTSIDE PARKING LLC,,45,SUTTON PL S,,NEW YORK,NY,10022,2127143571,Manhattan,1
2002027-DCA,Business,2025-03-31,Prince Tower Parking Corp.,,3636,PRINCE ST,,FLUSHING,NY,11354,,Queens,4
0427239-DCA,Business,2025-03-31,9495 PARKING CORP.,,1832,2ND AVE,,NEW YORK,NY,10128,2122893800,Manhattan,1
2106652-DCA,Business,2025-03-31,PV PARKING IV CORP,,554,W 174TH ST,,NEW YORK,NY,10033,6463024330,Manhattan,1
2109585-DCA,Business,2025-03-31,673 ST NICHOLAS PARKING ASSOCIATES CORP,,673,SAINT NICHOLAS AVE,,NEW YORK,NY,10030,2127367171,Manhattan,1
2091164-DCA,Business,2025-03-31,99 PARK AVENUE PARKING CORP,,99,PARK AVE,,NEW YORK,NY,10016,2127367171,Manhattan,1
2098509-DCA,Business,2025-03-31,LM Michigan Parking LLC,,350,W 43RD ST,,NEW YORK,NY,10036,212-714-3571,Manhattan,1
2010458-DCA,Business,2025-03-31,PARK 18 WEST LLC,,140,W 18TH ST,,NEW YORK,NY,10011,718-349-6200,Manhattan,1
0979174-DCA,Business,2025-03-31,CLINTON HILL GARAGE CORP.,,240,VANDERBILT AVE,,BROOKLYN,NY,11205,3476023636,Brooklyn,3
2104050-DCA,Business,2025-03-31,350 WEST 37TH STREET PARKING CORP.,,350,W 37TH ST,,NEW YORK,NY,10018,2127367171,Manhattan,1
1342356-DCA,Business,2025-03-31,"SESSANTA PARKING CO., LLC",,229,W 60TH ST,,NEW YORK,NY,10023,2128429308,Manhattan,1
2103676-DCA,Business,2025-03-31,"D&J UNION PLAZA PARKING, LLC",,3819,UNION ST,,FLUSHING,NY,11354,9174788431,Queens,4
0800489-DCA,Business,2025-03-31,"MUSS, HYMAN - ET AL",C E TOWERS CO,11835,QUEENS BLVD,,FOREST HILLS,NY,11375,7182633800,Queens,4
1465250-DCA,Business,2025-02-28,SECURE GARAGE DOOR LLC,,10126,98TH ST,,OZONE PARK,NY,11416,7188489477,Queens,4
2044110-DCA,Business,2025-03-31,340 EAST 74TH STREET PARKING CORP,,340,E 74TH ST,,NEW YORK,NY,10021,2127367171,Manhattan,1
2045155-DCA,Business,2025-03-31,170 PARK ROW PARKING CORP,,170,PARK ROW,,NEW YORK,NY,10038,2127367171,Manhattan,1
1181008-DCA,Business,2025-03-31,"POST OFFICE GARAGE, LLC",MEYERS PARKING,340,W 31ST ST,,NEW YORK,NY,10001,2125025490,Manhattan,1
2110270-DCA,Business,2025-03-31,3050 MP PARKING INC,,3050,CORLEAR AVE,,BRONX,NY,10463,7185817841,Bronx,2
2078124-DCA,Business,2025-03-31,GM PARK GROUP INC.,,110,BROADWAY,,BROOKLYN,NY,11249,6466100315,Brooklyn,3
1464995-DCA,Business,2025-03-31,ENTERPRISE 24TH PARKING LLC,,214,E 24TH ST,,NEW YORK,NY,10010,2125643199,Manhattan,1
2108625-DCA,Business,2025-03-31,180 MYRTLE AVENUE GARAGE LLC,,180,MYRTLE AVE,,BROOKLYN,NY,11201,6465840409,Brooklyn,3
2085989-DCA,Business,2025-03-31,CATON PARKING LLC,,33,CATON PL,,BROOKLYN,NY,11218,7329058338,Brooklyn,3
1205557-DCA,Business,2025-03-31,DEB PARKING LLC,,300,W 135TH ST,,NEW YORK,NY,10030,2127143571,Manhattan,1
0367613-DCA,Business,2025-03-31,THE BERGER'S PARKING CORPORATION,196 GARAGE,196,E 75TH ST,,NEW YORK,NY,10021,2125358291,Manhattan,1
2083101-DCA,Business,2025-03-31,ISABEL PARKING LLC,,20,E 161ST ST,,BRONX,NY,10451,6465840409,Bronx,2
2082681-DCA,Business,2025-03-31,ABM INDUSTRY GROUPS LLC,ABM PARKING SERVICES,866,UNITED NATIONS PLZ,,NEW YORK,NY,10017,9145255897,Manhattan,1
1153766-DCA,Business,2025-03-31,MPC PARKING LLC,,1104,2ND AVE,,NEW YORK,NY,10022,2126869800,Manhattan,1
2083091-DCA,Business,2025-03-31,ISABEL PARKING LLC,,71,E 153RD ST,,BRONX,NY,10451,6465840409,Bronx,2
2109569-DCA,Business,2025-03-31,60 EAST PARKING CORP,,60,E 12TH ST,,NEW YORK,NY,10003,9176643792,Manhattan,1
2096441-DCA,Business,2025-03-31,TENG RUI PARKING LOT INC,,741,61ST ST,,BROOKLYN,NY,11220,,Brooklyn,3
1303884-DCA,Business,2025-03-31,D'ALMONTE ENTERPRISES PARKING GARAGE INC.,,2080,JEROME AVE,,BRONX,NY,10453,3478620100,Bronx,2
1182190-DCA,Business,2025-03-31,MANHATTAN PARKING EAST 48TH STREET CORP.,,141,E 48TH ST,,NEW YORK,NY,10017,2124903460,Manhattan,1
2104452-DCA,Business,2025-03-31,155 WEST 21ST STREET PARKING CORP,,159,W 21ST ST,,NEW YORK,NY,10011,2127367171,Manhattan,1
2105962-DCA,Business,2025-03-31,315 WEST 33RD STREET GARAGE LLC,,312,W 34TH ST,,NEW YORK,NY,10001,646-584-0409,Manhattan,1
2045008-DCA,Business,2025-03-31,155 EAST 55TH STREET PARKING CORP,,155,E 55TH ST,,NEW YORK,NY,10022,2127367171,Manhattan,1
2088972-DCA,Business,2025-03-31,MORRIS AVENUE PARKING LLC,,655,MORRIS AVE,,BRONX,NY,10451,6465027200,Bronx,2
2001479-DCA,Business,2025-03-31,ENTERPRISE 230 PARKING LLC,,230,E 30TH ST,,NEW YORK,NY,10016,2126863330,Manhattan,1
2016568-DCA,Business,2025-03-31,515 NINTH AVENUE PARKING INC,,511,9TH AVE,,NEW YORK,NY,10018,212-736-7171,Manhattan,1
1343881-DCA,Business,2025-03-31,SEAPORT PARKING LLC,,80,BEEKMAN ST,,NEW YORK,NY,10038,2126869800,Manhattan,1
1231157-DCA,Business,2025-03-31,MURRAY PARK GARAGE CO. LLC,,120,E 34TH ST,,NEW YORK,NY,10016,2122139600,Manhattan,1
2103454-DCA,Business,2025-03-31,456 PARKING LLC,XTELL PARKING,456,GRAND ST,,BROOKLYN,NY,11211,917-592-4762,Brooklyn,3
2114503-DCA,Business,2025-03-31,"LAZ PARKING NEW YORK/NEW JERSEY, LLC",,14474,NORTHERN BLVD,,FLUSHING,NY,11354,7184072575,Queens,4
2002574-DCA,Business,2025-03-31,"CHOY & C GROUP, INC.",Easy Parking,4235,MAIN ST,,FLUSHING,NY,11355,,Queens,4
2078121-DCA,Business,2025-03-31,GM PARK GROUP INC.,,116,NOSTRAND AVE,,BROOKLYN,NY,11205,6466100315,Brooklyn,3
1148653-DCA,Business,2025-03-31,UPTOWN PARKING CORP.,,1721-1735,AMSTERDAM AVE,,NEW YORK,NY,10031,2124903460,Manhattan,1
2094609-DCA,Business,2025-03-31,200 CHAMBERS STREET GARAGE LLC,,200,CHAMBERS ST,,NEW YORK,NY,10007,6465840409 9-642,Manhattan,1
2103698-DCA,Business,2025-03-31,340 EAST 94TH STREET PARKING CORP,,340,E 94TH ST,,NEW YORK,NY,10128,2127367171,Manhattan,1
2102857-DCA,Business,2025-03-31,900 PARK GARAGE LLC,,900,PARK AVE,,NEW YORK,NY,10075,6465840409,Manhattan,1
1420682-DCA,Business,2025-03-31,QUEENS WEST PARKING LLC,,476,47TH AVE,,LONG ISLAND CITY,NY,11109,2127143571,Queens,4
2006828-DCA,Business,2025-03-31,QUIK PARK MORTON LLC,,1,MORTON SQ,,NEW YORK,NY,10014,2126869800,Manhattan,1
2103596-DCA,Business,2025-03-31,J P PARKING II CORP,,4501,BROADWAY,,NEW YORK,NY,10040,2018000358,Manhattan,1
1379517-DCA,Business,2025-03-31,ENTERPRISE ANN PARKING LLC,,57,ANN ST,,NEW YORK,NY,10038,2127143571,Manhattan,1
2095900-DCA,Business,2025-03-31,ADRIANA PARKING CORP,,535,E 75TH ST,,NEW YORK,NY,10021,9172146019,Manhattan,1
1182377-DCA,Business,2025-03-31,PRONTO PARKING CORP,,169,E 65TH ST,,NEW YORK,NY,10065,2124903460,Manhattan,1
2101209-DCA,Business,2025-03-31,69 EAST 80TH STREET PARKING CORP.,,69,E 80TH ST,,NEW YORK,NY,10075,2127367171,Manhattan,1
2110467-DCA,Business,2025-03-31,THOMSON AVENUE GARAGE LLC,,2728,THOMSON AVE,,LONG ISLAND CITY,NY,11101,646-584-0409,Queens,4
1423764-DCA,Business,2025-03-31,SAMO PARKING LLC,,401,E 74TH ST,,NEW YORK,NY,10021,2127143571,Manhattan,1
1250775-DCA,Business,2025-03-31,JENUWEN CAR PARK INC.,,590,FLATBUSH AVE,,BROOKLYN,NY,11225,2122216111,Brooklyn,3
2108505-DCA,Business,2025-03-31,MANHATTAN PREMIUM PARKING LLC,,1420,YORK AVE,,NEW YORK,NY,10021,9172614880,Manhattan,1
2051094-DCA,Business,2025-03-31,LINC GARAGE LLC,,20,N 5TH ST,,BROOKLYN,NY,11249,646-584-0409,Brooklyn,3
2105515-DCA,Business,2025-03-31,MP 59 PARKING LLC,,124,W 60TH ST,,NEW YORK,NY,10023,2124903460,Manhattan,1
1133687-DCA,Business,2025-03-31,SAWYER PARKING LLC,,150,W 20TH ST,,NEW YORK,NY,10011,2122428310,Manhattan,1
2096250-DCA,Business,2025-03-31,MP 2909 LLC,,2740,HOYT AVE S,,ASTORIA,NY,11102,2124903460,Queens,4
2045376-DCA,Business,2025-03-31,CHELSEA 29 PARKING LLC,,525,W 28TH ST,,NEW YORK,NY,10001,2126869800,Manhattan,1
2104915-DCA,Business,2025-03-31,MBA ONE PARKING CORP,,12,ECKFORD ST,,BROOKLYN,NY,11222,7188642992,Brooklyn,3
1340052-DCA,Business,2025-03-31,NYULMC E GARAGE CORP.,,333,E 38TH ST,,NEW YORK,NY,10016,2127367171,Manhattan,1
2079557-DCA,Business,2025-03-31,PARK PLACE GARAGE LLC,,99,CHURCH ST,,NEW YORK,NY,10007,6465840409,Manhattan,1
2106435-DCA,Business,2025-03-31,7 VANDAM STREET PARKING CORP.,,14,CHARLTON ST,,NEW YORK,NY,10014,2127367171,Manhattan,1
2106166-DCA,Business,2025-03-31,REALPRO PARKING LLC,,330,E 39TH ST,,NEW YORK,NY,10016,2126869800,Manhattan,1
2092450-DCA,Business,2025-03-31,VANCITY PARKING INC,,355,E 72ND ST,,NEW YORK,NY,10021,6463689834,Manhattan,1
2078866-DCA,Business,2025-03-31,LM BONNEVILLE PARKING LLC,,329,E 22ND ST,,NEW YORK,NY,10010,2127143571,Manhattan,1
2081153-DCA,Business,2025-03-31,200 EAST END AVENUE PARKING CORP,,200,E END AVE,,NEW YORK,NY,10128,2127367171,Manhattan,1
2114770-DCA,Business,2025-03-31,Rego Center Garage LLC,,6135,JUNCTION BLVD,,rego park,NY,11374,2128947000,Queens,4
2084415-DCA,Business,2025-03-31,20166 PARKING LLC,,202,E 67TH ST,,NEW YORK,NY,10065,212-794-0111,Manhattan,1
2103464-DCA,Business,2025-03-31,XTELL PARKING LLC,XTELL PARKING,17802,HILLSIDE AVE,,JAMAICA,NY,11432,917-592-4762,Queens,4
0968559-DCA,Business,2025-03-31,EFFICIENT PARKING LLC,,170,W 23RD ST,,NEW YORK,NY,10011,212-686-9800,Manhattan,1
0429461-DCA,Business,2025-03-31,1056 5TH AVE. PARKING LLC,,1056,5TH AVE,,NEW YORK,NY,10028,2126869800,Manhattan,1
2083029-DCA,Business,2025-03-31,35 PARK AVENUE GARAGE LLC,,35,PARK AVE,,NEW YORK,NY,10016,6465840409,Manhattan,1
2097974-DCA,Business,2025-03-31,MP BROADWAY 11 LLC,,11,BROADWAY,,BROOKLYN,NY,11249,2124903460,Brooklyn,3
2107942-DCA,Business,2025-03-31,615 GARAGE CORPORATION,,800,5TH AVE,,NEW YORK,NY,10065,2126168900,Manhattan,1
1151780-DCA,Business,2025-03-31,"BROOK PARKING GARAGE, INC.",,420,E 167TH ST,,BRONX,NY,10456,7185888328,Bronx,2
2106439-DCA,Business,2025-03-31,BK PARKING GROUP INC,,351,E 51ST ST,,NEW YORK,NY,10022,9173277488,Manhattan,1
2083950-DCA,Business,2025-03-31,PARK LANE HOTEL GARAGE LLC,,36-38,CENTRAL PARK S,,NEW YORK,NY,10019,6465840409,Manhattan,1
2114494-DCA,Business,2025-03-31,"LAZ PARKING NEW YORK/NEW JERSEY, LLC",,555,WAVERLY AVE,,BROOKLYN,NY,11238,7184072575,Brooklyn,3
2028691-DCA,Business,2025-03-31,"LAZ PARKING NEW YORK/NEW JERSEY, LLC",LAZ PARKING NY/NJ,501,E 87TH ST,,NEW YORK,NY,10128,8605227641,Manhattan,1
2083909-DCA,Business,2025-03-31,"RELIABLE PARKING, CORP.",,585,E 169TH ST,,BRONX,NY,10456,2124903460,Bronx,2
2048152-DCA,Business,2025-03-31,EALGE PARKING GARAGE INC.,,759,EAGLE AVE,,BRONX,NY,10456,3472207660,Bronx,2
2065046-DCA,Business,2025-03-31,DELTA PARKING INC,,240,E 82ND ST,,NEW YORK,NY,10028,929-340-4785,Manhattan,1
2110358-DCA,Business,2025-03-31,101 WEST 12TH STREET PARKING CORP.,,101,W 12TH ST,,NEW YORK,NY,10011,2127367171,Manhattan,1
2083093-DCA,Business,2025-03-31,ISABEL PARKING LLC,,951,RIVER AVE,,BRONX,NY,10452,6465840409,Bronx,2
1100843-DCA,Business,2025-03-31,LIVINGSTON STREET PARKING LLC,,111,LIVINGSTON ST,,BROOKLYN,NY,11201,212-686-9800,Brooklyn,3
2045012-DCA,Business,2025-03-31,65 WEST 55TH STREET PARKING CORP,,57,W 55TH ST,,NEW YORK,NY,10019,2127367171,Manhattan,1
2082096-DCA,Business,2025-03-31,EMERALD PARKING SOLUTIONS INC.,,1600,SEDGWICK AVE,,BRONX,NY,10453,3476385589,Bronx,2
2082673-DCA,Business,2025-03-31,SEWARD PARK GARAGE LLC,,413,GRAND ST,,NEW YORK,NY,10002,6465840409,Manhattan,1
2097363-DCA,Business,2025-03-31,MP PIER PARKING LLC,,353,WEST ST,,NEW YORK,NY,10014,2124903460,Manhattan,1
2067168-DCA,Business,2025-03-31,ELMHURST PARKING CORPORATION,,7911,41ST AVE,,ELMHURST,NY,11373,9173251969,Queens,4
2023311-DCA,Business,2025-03-31,PARK KWIK LLC,,60,WATER ST,,BROOKLYN,NY,11201,7182222500,Brooklyn,3
2112371-DCA,Business,2025-03-31,GREENWICH STREET PARKING LLC,,75,PARK PL,AKA 255 GREENWICH STREET,NEW YORK,NY,10007,,Manhattan,1
2083253-DCA,Business,2025-03-31,REED PARKING CORP.,,10025,QUEENS BLVD,,FOREST HILLS,NY,11375,2124903460,Queens,4
2087759-DCA,Business,2025-03-31,132 EAST 35TH STREET GARAGE LLC,,132,E 35TH ST,,NEW YORK,NY,10016,6465840409,Manhattan,1
2092475-DCA,Business,2025-03-31,214 WEST 88TH STREET GARAGE LLC,,214,W 88TH ST,,NEW YORK,NY,10024,6465840409,Manhattan,1
2009039-DCA,Business,2025-03-31,LM ALDUS PARKING LLC,,951,HOE AVE,(Garage Entrance at 962 Aldus Street),BRONX,NY,10459,2127143571,Bronx,2
1352539-DCA,Business,2025-03-31,ANITA HOLDING LLC,,9905,63RD DR,,REGO PARK,NY,11374,2125642111,Queens,4
1079092-DCA,Business,2025-03-31,"IMPACT CAR PARK, LLC",,333,W 26TH ST,,NEW YORK,NY,10001,2122216111,Manhattan,1
2083819-DCA,Business,2025-03-31,WORTHY PARKING LLC,,841,10TH AVE,,NEW YORK,NY,10019,2124903460,Manhattan,1
2087319-DCA,Business,2025-03-31,147-36 94TH AVENUE PARKING CORP.,,14736,94TH AVE,,JAMAICA,NY,11435,2127367171,Queens,4
2106696-DCA,Business,2025-03-31,1939 W FARMS RD PARKING CORP,,1939,W FARMS RD,,BRONX,NY,10460,7183008790,Bronx,2
1409708-DCA,Business,2025-03-31,"LASALLE PARKING, LLC","HOWARD, LANCE",220,E 9TH ST,,NEW YORK,NY,10003,2127143571,Manhattan,1
2084204-DCA,Business,2025-03-31,142 WEST 57TH STREET PARKING CORP.,,146,W 57TH ST,,NEW YORK,NY,10019,2127367171,Manhattan,1
2038904-DCA,Business,2025-03-31,247 NORTH 7TH STREET PARKING CORP,,249,N 7TH ST,,BROOKLYN,NY,11211,2127367171,Brooklyn,3
2083823-DCA,Business,2025-03-31,GEM PARKING CORP.,,260,E 188TH ST,,BRONX,NY,10458,,Bronx,2
1338875-DCA,Business,2025-03-31,MANHATTAN PARKING - GOLD CORP.,,220,E 54TH ST,,NEW YORK,NY,10022,2124903460,Manhattan,1
2098961-DCA,Business,2025-03-31,1699 NEW YORK AVE PARKING LLC,,3310,AVENUE H,,BROOKLYN,NY,11210,3478663357,Brooklyn,3
2110455-DCA,Business,2025-03-31,298 MULBERRY STREET GARAGE LLC,,293,MULBERRY ST,,NEW YORK,NY,10012,64655840409,Manhattan,1
1254733-DCA,Business,2025-03-31,"CODY CAR PARK, INC.",,555,11TH ST,,BROOKLYN,NY,11215,2122216111,Brooklyn,3
2103455-DCA,Business,2025-03-31,8936 PARKING LLC,XTELL PARKING,8936,SUTPHIN BLVD,,JAMAICA,NY,11435,917-592-4762,Queens,4
2105939-DCA,Business,2025-03-31,MP CROY PARKING LLC,,12,E 86TH ST,,NEW YORK,NY,10028,2124903460,Manhattan,1
2092125-DCA,Business,2025-03-31,KK ENTERPRISE GROUP INC,,4745,PARK AVE,,BRONX,NY,10458,9173277488,Bronx,2
2103151-DCA,Business,2025-03-31,MP 80 DEKALB PARKING LLC,,74,DEKALB AVE,,BROOKLYN,NY,11201,2124903460,Brooklyn,3
2110403-DCA,Business,2025-03-31,601 MURRAY STREET PARKING CORP,,20,RIVER TER,,NEW YORK,NY,10282,2127367171,Manhattan,1
2086374-DCA,Business,2025-03-31,SEWARD PARK GARAGE LLC,,240,E BROADWAY,,NEW YORK,NY,10002,6465840409,Manhattan,1
2110354-DCA,Business,2025-03-31,259 WEST 47TH STREET PARKING CORP.,,259,W 47TH ST,,NEW YORK,NY,10036,2127367171,Manhattan,1
1328283-DCA,Business,2025-03-31,RAPID 83 STREET PARKING CORP.,,351,E 83RD ST,,NEW YORK,NY,10028,2127443591,Manhattan,1
0731394-DCA,Business,2025-03-31,M H M PARKING LLC,,560,3RD AVE,,NEW YORK,NY,10016,2126869800,Manhattan,1
1182737-DCA,Business,2025-03-31,323 WEST 34TH STREET LLC,MEYERS PARKING,323,W 34TH ST,,NEW YORK,NY,10001,2124903460,Manhattan,1
0429844-DCA,Business,2025-03-31,AFFILIATED PARKING LLC,,247,MADISON AVE,,NEW YORK,NY,10016,2126869800,Manhattan,1
1403604-DCA,Business,2025-03-31,1740 PETROLEUM LLC,,1730,JEROME AVE,,BRONX,NY,10453,917-292-0463,Bronx,2
1339252-DCA,Business,2025-03-31,MANHATTAN PARKING WEST 45 STREET CORP,,120,W 45TH ST,,NEW YORK,NY,10036,212-490-3460,Manhattan,1
2067173-DCA,Business,2025-03-31,ELMHURST PARKING CORPORATION,,8015,41ST AVE,,ELMHURST,NY,11373,9173251969,Queens,4
2108624-DCA,Business,2025-03-31,1675 BROADWAY GARAGE LLC,,1675,BROADWAY,,NEW YORK,NY,10019,2124903460,Manhattan,1
2103699-DCA,Business,2025-03-31,354 EAST 91ST STREET PARKING CORP,,1749,1ST AVE,,NEW YORK,NY,10128,2127367171,Manhattan,1
2110451-DCA,Business,2025-03-31,645 WEST 120TH STREET PARKING CORP.,,480,RIVERSIDE DR,,NEW YORK,NY,10027,2127367171,Manhattan,1
1241570-DCA,Business,2025-03-31,MANHATTAN PARKING 110 LLC,,543,W 110TH ST,,NEW YORK,NY,10025,2122227813,Manhattan,1
2005454-DCA,Business,2025-03-31,MP 98-41 LLC,,6536,99TH ST,,REGO PARK,NY,11374,7189970630,Queens,4
2080641-DCA,Business,2025-03-31,150 EAST 18TH STREET PARKING CORP,,196-202,THIRD AVE,,NEW YORK,NY,10003,2127367171,Manhattan,1
2105295-DCA,Business,2025-03-31,119 PARKING LOT CORP.,,2077,SOUTHERN BLVD,,BRONX,NY,10460,9142588393,Bronx,2
2065381-DCA,Business,2025-03-31,1050 FIFTH AVENUE PARKING CORP,,1050,5TH AVE,,NEW YORK,NY,10028,9172615152,Manhattan,1
2072507-DCA,Business,2025-03-31,"LAZ PARKING NEW YORK/NEW JERSEY, LLC","LAZ PARKING NY, NJ LLC",507,E 70TH ST,,NEW YORK,NY,10021,7184072575,Manhattan,1
1126970-DCA,Business,2025-03-31,CHURCH STREET PARKING LLC,,110,CHURCH ST,,NEW YORK,NY,10007,2126869800,Manhattan,1
2096850-DCA,Business,2025-03-31,MP FORDHAM PARKING LLC,,696,E FORDHAM RD,,BRONX,NY,10458,2124903460,Bronx,2
2110441-DCA,Business,2025-03-31,211 NORTH END AVENUE PARKING CORP.,,201,MURRAY ST,,NEW YORK,NY,10282,2127367171,Manhattan,1
2048149-DCA,Business,2025-03-31,EZ PARKING GARAGE INC,,870,JENNINGS ST,,BRONX,NY,10459,3472207660,Bronx,2
2083087-DCA,Business,2025-03-31,ISABEL PARKING LLC,,950,RIVER AVE,,BRONX,NY,10452,6465840409,Bronx,2
2085375-DCA,Business,2025-03-31,345 Sheffield Parking LLC,,345,SHEFFIELD AVE,,BROOKLYN,NY,11207,,Brooklyn,3
1151777-DCA,Business,2025-03-31,"BROOK PARKING GARAGE, INC.",,418,E 167TH ST,,BRONX,NY,10456,7185888328,Bronx,2
2082400-DCA,Business,2025-03-31,RGL PARKING & TRANSPORTATION LLC,,4129,24TH ST,,LONG ISLAND CITY,NY,11101,9178419280,Queens,4
2106765-DCA,Business,2025-03-31,MP WEST 63 PARKING LLC,,1886,BROADWAY,1886-1896 BROADWAY,NEW YORK,NY,10023,2124903460,Manhattan,1
2028692-DCA,Business,2025-03-31,"LAZ PARKING NEW YORK/NEW JERSEY, LLC",LAZ PARKING NY/NJ,525,E 72ND ST,,NEW YORK,NY,10021,8605227641,Manhattan,1
2107995-DCA,Business,2025-03-31,1760 EASTERN PARKING LLC,NAGLE PARKING,1709,SAINT MARKS AVE,,BROOKLYN,NY,11233,,Brooklyn,3
1076044-DCA,Business,2025-03-31,"WATERVIEW PARKING, INC.",,180,E END AVE,,NEW YORK,NY,10128,2126509320,Manhattan,1
2074988-DCA,Business,2025-03-31,"LAZ PARKING NEW YORK/NEW JERSEY, LLC","LAZ PARKING NY,NJ  LLC",420,E 20TH ST,,NEW YORK,NY,10009,8605227641,Manhattan,1
0980801-DCA,Business,2025-03-31,"FIRST AVENUE PARKING, LLC",,630,1ST AVE,,NEW YORK,NY,10016,2127367171,Manhattan,1
2082682-DCA,Business,2025-03-31,ABM INDUSTRY GROUPS LLC,ABM PARKING SERVICES,750,LEXINGTON AVE,,NEW YORK,NY,10022,9145255897,Manhattan,1
2074959-DCA,Business,2025-03-31,"LAZ PARKING NEW YORK/NEW JERSEY, LLC","LAZ PARKING NY, NJ LLC",325,AVENUE C,,NEW YORK,NY,10009,8605227641,Manhattan,1
1470216-DCA,Business,2025-03-31,KK ENTERPRISE GROUP INC,,554,W 182ND ST,,NEW YORK,NY,10033,9173277488,Manhattan,1
1312149-DCA,Business,2025-03-31,ENTERPRISE 40TH PARKING CORP.,,315,E 40TH ST,,NEW YORK,NY,10016,2127367171,Manhattan,1
2083832-DCA,Business,2025-03-31,RELIABLE PARKING CORP.,,1193,FRANKLIN AVE,,BRONX,NY,10456,2124903460,Bronx,2
2048766-DCA,Business,2025-03-31,EAGLE PARKING GARAGE INC,,775,EAGLE AVE,,BRONX,NY,10456,3472207660,Bronx,2
2105998-DCA,Business,2025-03-31,PREMIER PARKING LLC,,203,E 61ST ST,,NEW YORK,NY,10065,2126869800,Manhattan,1
2112661-DCA,Business,2025-03-31,CHAMPION PARKING 70 LLC,,155,W 70TH ST,,NEW YORK,NY,10023,2123085959,Manhattan,1
2102934-DCA,Business,2025-03-31,3306 PARKING CORP,GACHAS PARKING,3306,88TH ST,,JACKSON HEIGHTS,NY,11372,,Queens,4
2083251-DCA,Business,2025-03-31,MANHATTAN PARKING BORO CORP,,40,CLINTON ST,,BROOKLYN,NY,11201,2124903460,Brooklyn,3
1182385-DCA,Business,2025-03-31,MANHATTAN PARKING GRAMERCY CORP.,,32,GRAMERCY PARK S,,NEW YORK,NY,10003,2124903460,Manhattan,1
1425382-DCA,Business,2025-03-31,34 NORTH 7TH PARKING CORP.,,34,N 7TH ST,,BROOKLYN,NY,11249,2127367171,Brooklyn,3
2016406-DCA,Business,2025-03-31,SJS 39 AVENUE PARKING LLC,,3907,PRINCE ST,,FLUSHING,NY,11354,718-886-4035,Queens,4
2112890-DCA,Business,2025-03-31,LANDON PARKING LLC,,520,W 43RD ST,,NEW YORK,NY,10036,212-686-9800,Manhattan,1
2019665-DCA,Business,2025-03-31,93RD STREET PARKING LLC,,100,W 93RD ST,,NEW YORK,NY,10025,212-686-9800,Manhattan,1
2087587-DCA,Business,2025-03-31,A PLUS PARKING LLC,,13620,BOOTH MEMORIAL AVE,,FLUSHING,NY,11355,3477329349,Queens,4
2078116-DCA,Business,2025-03-31,HOYT & SCHERMERHORN PARKING LLC.,,45,HOYT ST,,BROOKLYN,NY,11201,2126869800,Brooklyn,3
2015757-DCA,Business,2025-03-31,116TH-117TH STREET PARKING CORP.,,23,W 116TH ST,,NEW YORK,NY,10026,2127367171,Manhattan,1
2057853-DCA,Business,2025-03-31,255 SCHERMERHORN STREET PARKING CORP.,,33,BOND ST,,BROOKLYN,NY,11201,2127367171,Brooklyn,3
2054849-DCA,Business,2025-03-31,70TH PARK OPS LLC,,400,E 70TH ST,,NEW YORK,NY,10021,2129299404,Manhattan,1
2109643-DCA,Business,2025-03-31,PARKLEX GARAGE LLC,,345,PARK AVE,,NEW YORK,NY,10154,212-4903460,Manhattan,1
2099665-DCA,Business,2025-03-31,VANCITY PARKING INC,,415,GREENWICH ST,,NEW YORK,NY,10013,6463689834,Manhattan,1
2109284-DCA,Business,2025-03-31,57 PARK OPS LLC,,357,E 57TH ST,,NEW YORK,NY,10022,2129299404,Manhattan,1
2105562-DCA,Business,2025-03-31,1872 E TREMONT PARKING CORP,,1872,E TREMONT AVE,,BRONX,NY,10460,3478674915,Bronx,2
2068189-DCA,Business,2025-03-31,AMP VALET PARKING INC.,,5423,8TH AVE,,BROOKLYN,NY,11220,7182882213,Brooklyn,3
2030917-DCA,Business,2025-03-31,UPTOWN PARKING CORP.,,6,W 137TH ST,,NEW YORK,NY,10037,2124903460,Manhattan,1
2093047-DCA,Business,2025-03-31,A & J PARKING LLC,3470 FORT INDEPENDENCE STREET PARKING,3470,FORT INDEPENDENCE ST,,BRONX,NY,10463,9143143157,Bronx,2
2072375-DCA,Business,2025-03-31,"LAZ PARKING NEW YORK/NEW JERSEY, LLC",,528,E 20TH ST,,NEW YORK,NY,10009,7184072575,Manhattan,1
2036981-DCA,Business,2025-03-31,316 BERGEN PARKING CORP,,312,BERGEN ST,,BROOKLYN,NY,11217,2127367171,Brooklyn,3
2072506-DCA,Business,2025-03-31,"LAZ PARKING NEW YORK/NEW JERSEY, LLC","LAZ PARKING NY, NJ LLC",426,E 71ST ST,,NEW YORK,NY,10021,7184072575,Manhattan,1
2095759-DCA,Business,2025-03-31,1065 PARK AVENUE GARAGE LLC,,111,E 87TH ST,,NEW YORK,NY,10128,6465740045,Manhattan,1
2096223-DCA,Business,2025-03-31,600 COLUMBUS PARKING CORP,,600,COLUMBUS AVE,,NEW YORK,NY,10024,2127367171,Manhattan,1
2068557-DCA,Business,2025-03-31,CASTLE GARAGE LLC,,135,E 31ST ST,,NEW YORK,NY,10016,2126869800,Manhattan,1
0901963-DCA,Business,2025-03-31,GRACIE PUBLIC PARKING CORP.,,401,E 89TH ST,,NEW YORK,NY,10128,2127367171,Manhattan,1
2101547-DCA,Business,2025-03-31,PENTA PARKING LLC,,156,E 105TH ST,,NEW YORK,NY,10029,2129299404,Manhattan,1
2090148-DCA,Business,2025-03-31,150 CHARLES STREET GARAGE LLC,,150,CHARLES ST,,NEW YORK,NY,10014,6465840409,Manhattan,1
2061663-DCA,Business,2025-03-31,169 LUDLOW PARKING LLC,,180,ORCHARD ST,,NEW YORK,NY,10002,212-262-4771,Manhattan,1
2110656-DCA,Business,2025-03-31,EAST 80TH STREET GARAGE LLC,,345,E 80TH ST,,NEW YORK,NY,10075,646-574-0045,Manhattan,1
2105738-DCA,Business,2025-03-31,BRIGHT MANAGEMENT SOLUTIONS LLC,LINDEN PARKING,123,LINDEN BLVD,,BROOKLYN,NY,11226,2122624771,Brooklyn,3
2086774-DCA,Business,2025-03-31,68 PARKING INC,,13633,37TH AVE,,FLUSHING,NY,11354,6469966479,Queens,4
2106184-DCA,Business,2025-03-31,"LAZ PARKING NEW YORK/NEW JERSEY, LLC",,101,W 23RD ST,,NEW YORK,NY,10011,7184072575,Manhattan,1
2101911-DCA,Business,2025-03-31,JP PARKING III CORP.,,4469,BROADWAY,,NEW YORK,NY,10040,2018000358,Manhattan,1
2103444-DCA,Business,2025-03-31,"LAZ PARKING NEW YORK/NEW JERSEY, LLC",,1000,5TH AVE,,NEW YORK,NY,10028,7184072575,Manhattan,1
2083254-DCA,Business,2025-03-31,SKY PARKING CORP.,,121,READE ST,,NEW YORK,NY,10013,212-490-3460,Manhattan,1
2022433-DCA,Business,2025-03-31,SP PLUS CORPORATION,,200,CENTRAL PARK W,,NEW YORK,NY,10024,2125025490,Manhattan,1
2102781-DCA,Business,2025-03-31,"LAZ PARKING NEW YORK/NEW JERSEY, LLC",,120,LENOX AVE,,NEW YORK,NY,10026,7184072575,Manhattan,1
1312575-DCA,Business,2025-03-31,"PARK 117TH, LLC",,279,W 117TH ST,,NEW YORK,NY,10026,2122220242,Manhattan,1
2008790-DCA,Business,2025-03-31,WEST 43 PARKING LLC,,635,W 42ND ST,,NEW YORK,NY,10036,2122624771,Manhattan,1
1354465-DCA,Business,2025-03-31,"PARK 139TH, LLC",,29,W 138TH ST,,NEW YORK,NY,10037,2122340855,Manhattan,1
1312579-DCA,Business,2025-03-31,"PARK 139TH, LLC",,34,W 139TH ST,,NEW YORK,NY,10037,2122340855,Manhattan,1
2096426-DCA,Business,2025-03-31,EAST 58 PARKING LLC,,115,E 57TH ST,,NEW YORK,NY,10022,9179391515,Manhattan,1
2081211-DCA,Business,2025-03-31,"LAZ PARKING NEW YORK/NEW JERSEY, LLC",LAZ PARKING NY LLC,140,RIVERSIDE BLVD,,NEW YORK,NY,10069,7184072575,Manhattan,1
1097397-DCA,Business,2025-03-31,"STABLE CAR PARKING, INC.",,614,W 153RD ST,,NEW YORK,NY,10031,212-979-9815,Manhattan,1
1230416-DCA,Business,2025-03-31,MP 97 LLC,,217,E 96TH ST,,NEW YORK,NY,10128,212-490-3460,Manhattan,1
1275883-DCA,Business,2025-03-31,CENTURY PARKING CORP.,,2600,NETHERLAND AVE,,BRONX,NY,10463,2127367171,Bronx,2
1127867-DCA,Business,2025-03-31,1330 SIXTH PARKING LLC,,57,W 53RD ST,,NEW YORK,NY,10019,2126869800,Manhattan,1
2059538-DCA,Business,2025-03-31,58W58 PARKING LLC,,58,W 58TH ST,,NEW YORK,NY,10019,2126869800,Manhattan,1
2114138-DCA,Business,2025-03-31,EMERAL PARKING CORP,,1600,SEDGWICK AVE,,BRONX,NY,10453,6466395152,Bronx,2
0982918-DCA,Business,2025-03-31,331 50TH ST. PARKING CORP.,,336,W 51ST ST,,NEW YORK,NY,10019,9179390977,Manhattan,1
2046301-DCA,Business,2025-03-31,ASTORIA CENTRAL PARKING LLC,,3157,31ST ST,,ASTORIA,NY,11106,7544447275,Queens,4
2081581-DCA,Business,2025-03-31,MP BETH PARKING LLC,,400,E 84TH ST,,NEW YORK,NY,10028,2124903476,Manhattan,1
1233573-DCA,Business,2025-03-31,BREVOORT PARKING LLC,,20,E 9TH ST,,NEW YORK,NY,10003,2126869800,Manhattan,1
1198215-DCA,Business,2025-03-31,GOLD/PEARL PARKING CORP.,,2,GOLD ST,,NEW YORK,NY,10038,2127367171,Manhattan,1
2114113-DCA,Business,2025-03-31,209 S PORTLAND CORP,GACHAS PARKING,209,S PORTLAND AVE,,BROOKLYN,NY,11217,,Brooklyn,3
2026148-DCA,Business,2025-03-31,GEMAT PARKING CORP.,,233,E 69TH ST,,NEW YORK,NY,10021,2124220423,Manhattan,1
0801652-DCA,Business,2025-03-31,PROUD PARKING LLC,,5,E 22ND ST,,NEW YORK,NY,10010,2126869800,Manhattan,1
0819247-DCA,Business,2025-03-31,RELIANT PARKING LLC,,225,W 83RD ST,,NEW YORK,NY,10024,2126869800,Manhattan,1
2110929-DCA,Business,2025-03-31,100 LENOX RD INC,NEW YORK PARKING GROUP,100,LENOX RD,,BROOKLYN,NY,11226,9176643792,Brooklyn,3
2052724-DCA,Business,2025-03-31,GMH PARK INC,,4701,QUEENS BLVD,,SUNNYSIDE,NY,11104,9172140583,Queens,4
2074961-DCA,Business,2025-03-31,"LAZ PARKING NEW YORK/NEW JERSEY, LLC","LAZ PARKING NY,NJ LLC",251,AVENUE C,,NEW YORK,NY,10009,7184072575,Manhattan,1
2072367-DCA,Business,2025-03-31,"LAZ PARKING NEW YORK/NEW JERSEY, LLC",,279,AVENUE C,,NEW YORK,NY,10009,7184072575,Manhattan,1
2096226-DCA,Business,2025-03-31,BROOK PARK PARKING CORP,,3322,DECATUR AVE,,BRONX,NY,10467,9174705093,Bronx,2
0980378-DCA,Business,2025-03-31,CENTRAL GARAGE CORP.,,860,5TH AVE,,NEW YORK,NY,10065,2127367171,Manhattan,1
2094049-DCA,Business,2025-03-31,"LAZ PARKING NEW YORK/NEW JERSEY, LLC",,15902,JAMAICA AVE,,JAMAICA,NY,11432,7184072575,Queens,4
2107029-DCA,Business,2025-03-31,WEST 72ND STREET GARAGE LLC,,15,W 72ND ST,,NEW YORK,NY,10023,,Manhattan,1
2072503-DCA,Business,2025-03-31,"LAZ PARKING NEW YORK/NEW JERSEY, LLC","LAZ PARKING NY, NJ LLC",525,E 68TH ST,,NEW YORK,NY,10065,7184072575,Manhattan,1
1001512-DCA,Business,2025-03-31,650 PARKING CORP.,,650,PARK AVE,,NEW YORK,NY,10065,2124722596,Manhattan,1
2095107-DCA,Business,2025-03-31,VERRAZANO SERVICE INC.,,9111,4TH AVE,,BROOKLYN,NY,11209,718-491-6161,Brooklyn,3
1458721-DCA,Business,2025-03-31,SCARLET 53 PARKING LLC,,211,E 53RD ST,,NEW YORK,NY,10022,2126869800,Manhattan,1
1148651-DCA,Business,2025-03-31,1020 PARKING LLC,,1020,GRAND CONCOURSE,,BRONX,NY,10451,212-490-3460,Bronx,2
1102792-DCA,Business,2025-03-31,311 PARKING CORP.,,311,W 50TH ST,,NEW YORK,NY,10019,2125869760,Manhattan,1
2091594-DCA,Business,2025-03-31,PARK 24 LLC,,200,E 24TH ST,,NEW YORK,NY,10010,2126757777,Manhattan,1
2096502-DCA,Business,2025-03-31,WEST 15 PARK LLC,,84,14TH ST,,BROOKLYN,NY,11215,2123606300,Brooklyn,3
1323180-DCA,Business,2025-03-31,73RD STREET PARKING CORP.,,1257,3RD AVE,,NEW YORK,NY,10021,2127367171,Manhattan,1
2114436-DCA,Business,2025-03-31,SURREY GARAGE 72 ST CORP,,530,E 73RD ST,,NEW YORK,NY,10021,9144197872,Manhattan,1
1263167-DCA,Business,2025-03-31,FLORAL 26 PARKING LLC,,55,W 25TH ST,,NEW YORK,NY,10010,2126869800,Manhattan,1
1416193-DCA,Business,2025-03-31,SUPREME 85 PARKING LLC,,85,LIVINGSTON ST,,BROOKLYN,NY,11201,718-694-2060,Brooklyn,3
1036915-DCA,Business,2025-03-31,160 PARKING CORP.,,160,E 65TH ST,,NEW YORK,NY,10065,2127367171,Manhattan,1
1074682-DCA,Business,2025-03-31,80TH ST. PARKING CORP.,,525,E 80TH ST,,NEW YORK,NY,10075,2124903460,Manhattan,1
2106173-DCA,Business,2025-03-31,EASTSIDE 65 PARKING LLC,,200,E 66TH ST,,NEW YORK,NY,10065,212-686-9800,Manhattan,1
2018161-DCA,Business,2025-03-31,"IN LOT PARKING, INC.",,1963,GRAND CONCOURSE,,BRONX,NY,10453,3477713329,Bronx,2
2048147-DCA,Business,2025-03-31,EZ PARKING GARAGE INC,,1334,LOUIS NINE BLVD,,BRONX,NY,10459,3472207660,Bronx,2
2051104-DCA,Business,2025-03-31,LENOX PARKING GARAGE LLC,,380,LENOX AVE,,NEW YORK,NY,10027,2032029746,Manhattan,1
2064837-DCA,Business,2025-03-31,MP 126 LLC,,163,E 125TH ST,,NEW YORK,NY,10035,2124903460,Manhattan,1
2021443-DCA,Business,2025-03-31,O & A PARKING GARAGE INC.,,1100,FRANKLIN AVE,,BRONX,NY,10456,7184839458,Bronx,2
1116799-DCA,Business,2025-03-31,EAST 97TH PARKING CORP.,,175,E 96TH ST,,NEW YORK,NY,10128,2123488364,Manhattan,1
2103906-DCA,Business,2025-03-31,3100 MP PARKING CORP,,3100,47TH AVE,,LONG ISLAND CITY,NY,11101,7189441590,Queens,4
2074962-DCA,Business,2025-03-31,"LAZ PARKING NEW YORK/NEW JERSEY, LLC","LAZ PARKING NY,NJ LLC",527,E 14TH ST,,NEW YORK,NY,10009,8605227641,Manhattan,1
2106093-DCA,Business,2025-03-31,MP ENCLAVE PARKING LLC,,177,9TH AVE,,NEW YORK,NY,10011,2124903460,Manhattan,1
2110624-DCA,Business,2025-03-31,MP ALYN GARAGE LLC,,152,E 87TH ST,,NEW YORK,NY,10128,2124903460,Manhattan,1
2111044-DCA,Business,2025-03-31,CLARIDGE HOUSE GARAGE LLC,,201,E 87TH ST,,NEW YORK,NY,10128,646-584-0409,Manhattan,1
2112785-DCA,Business,2025-03-31,9 WEST 100TH STREET GARAGE LLC,,9,W 100TH ST,,NEW YORK,NY,10025,646-584-0409,Manhattan,1
1172406-DCA,Business,2025-03-31,PARK KWIK LLC,,55,WASHINGTON ST,,BROOKLYN,NY,11201,7182222500,Brooklyn,3
2108195-DCA,Business,2025-03-31,851 8TH AVENUE PARKING CORP,,851,8TH AVE,,NEW YORK,NY,10019,2127367171,Manhattan,1
2068286-DCA,Business,2025-03-31,2 NORTH 6TH PARKING CORP,,2,N 6TH ST,,BROOKLYN,NY,11249,2127367171,Brooklyn,3
1320741-DCA,Business,2025-03-31,201 PEARL PARKING CORP.,,201,PEARL ST,,NEW YORK,NY,10038,2127367171,Manhattan,1
2114401-DCA,Business,2025-03-31,TARGET PARK (US) INC,,9277,QUEENS BLVD,,REGO PARK,NY,11374,2012530953,Queens,4
2103406-DCA,Business,2025-03-31,"ONE PARKING 703, INC.",,21010,23RD AVE,,BAYSIDE,NY,11360,5618337222,Queens,4
1061198-DCA,Business,2025-03-31,101 WEST END PARKING LLC,,101,W END AVE,,NEW YORK,NY,10023,2126869800,Manhattan,1
1468022-DCA,Business,2025-03-31,QUIK PARK LIC LLC,,4545,CENTER BLVD,,LONG ISLAND CITY,NY,11109,2128322066,Queens,4
2109270-DCA,Business,2025-03-31,PP MGMT CEJ CORP,,2917,40TH AVE,,LONG ISLAND CITY,NY,11101,718-729-7276,Queens,4
0427125-DCA,Business,2025-03-31,ADVANCE PARKING LLC,,249,W 43RD ST,,NEW YORK,NY,10036,2122218902212-686-9800,Manhattan,1
2114957-DCA,Business,2025-03-31,EZ PARK CORP,,9729,64TH RD,,REGO PARK,NY,11374,9298017013,Queens,4
0974656-DCA,Business,2025-03-31,SLOPE CAR PARK INC.,,429,12TH ST,,BROOKLYN,NY,11215,2122216111,Brooklyn,3
2109635-DCA,Business,2025-03-31,71ST GARDEN GARAGE LLC,,211,E 70TH ST,,NEW YORK,NY,10021,212-490-3460,Manhattan,1
2112739-DCA,Business,2025-03-31,310 LEXINGTON AVENUE PARKING CORP.,,310,LEXINGTON AVE,,NEW YORK,NY,10016,2127367171,Manhattan,1
2114738-DCA,Business,2025-03-31,NAGLE PARKING INC,,31,NAGLE AVE,,NEW YORK,NY,10040,,Manhattan,1
2097495-DCA,Business,2025-03-31,MP 390 LLC,,390,PARK AVE,,NEW YORK,NY,10022,2124903460,Manhattan,1
2052975-DCA,Business,2025-03-31,M&N Group Parking Inc,,2990,JEROME AVE,,BRONX,NY,10468,9174705093,Bronx,2
2105514-DCA,Business,2025-03-31,MP CERTO 60 PARKING LLC,,200,W 60TH ST,,NEW YORK,NY,10023,2124903460,Manhattan,1
2114316-DCA,Business,2025-03-31,STELLAR PARKING LLC,,429,12TH ST,,BROOKLYN,NY,11215,7326084260,Brooklyn,3
2114434-DCA,Business,2025-03-31,"LAZ PARKING NEW YORK/NEW JERSEY, LLC",,236,LIVINGSTON ST,,BROOKLYN,NY,11201,7184072575,Brooklyn,3
1342832-DCA,Business,2025-03-31,KIDS PARKING CORP.,,105,DUANE ST,,NEW YORK,NY,10007,2129644968,Manhattan,1
2114410-DCA,Business,2025-03-31,J & S PARKING CORP,,3559,WHITE PLAINS RD,,BRONX,NY,10467,9175042016,Bronx,2
2114432-DCA,Business,2025-03-31,"LAZ PARKING NEW YORK/NEW JERSEY, LLC",,33,W 56TH ST,,NEW YORK,NY,10019,7184072575,Manhattan,1
1474028-DCA,Business,2025-03-31,"LAZ PARKING NEW YORK/NEW JERSEY, LLC",LAZ PARKING NY/NJ LLC,267,6TH AVE,,BROOKLYN,NY,11215,8605227641,Brooklyn,3
2114429-DCA,Business,2025-03-31,"LAZ PARKING NEW YORK/NEW JERSEY, LLC",,404,W 37TH ST,,NEW YORK,NY,10018,7184072575,Manhattan,1
